repetition,cviter,train.cor,train.d,train.mse,train.mae,test.cor,test.d,test.mse,test.mae,time.in.mins
1,1,0.817920903949828,0.885803784902284,158.030654872774,9.15349838052109,0.882856290938581,0.932895911679416,88.0643416110632,7.44836496701687,0.0895367701848348
1,2,0.820287202934868,0.886191427136748,155.767153119144,9.01562595093866,0.771280847719455,0.874157373932818,175.464438691705,10.5178589210379,0.0774662494659424
1,3,0.809694196166967,0.877353499696637,168.393144282688,9.44137358364927,0.856821523148602,0.911928169458802,85.8879853721376,7.35537692231629,0.0827432195345561
1,4,0.81504092631332,0.881582531664274,156.110405219487,8.89024014293741,0.813853365361349,0.844317084969249,182.554119866627,10.4342530313003,0.0759099364280701
1,5,0.810488420764834,0.877787092890602,165.343263717695,9.27582528525482,0.830672834166317,0.909006964096694,118.013953072447,8.57029447130088,0.107418831189473
1,6,0.81263172179143,0.879943035973639,151.332708453984,8.85877376402362,0.844583099688995,0.845639937055021,244.038060278486,10.7385395360237,0.0942147493362427
1,7,0.821382507165965,0.887705025508194,145.361792643099,8.51956421187248,0.774033745316487,0.81173492309207,284.076078569911,12.9211226379801,0.0870248158772786
1,8,0.826685743724445,0.891333740500557,150.361518728591,8.97707849415642,0.684547259216653,0.787483405517099,222.212531898307,9.59581953567134,0.0793480475743612
1,9,0.81065428030685,0.877772544980882,166.174393521777,9.32851218131656,0.839882006547566,0.901508142341656,103.548182139704,7.37845086486989,0.0981346646944682
1,10,0.82330042830448,0.888546281430526,147.41347646762,8.8055606475011,0.747423922061551,0.830358597115852,254.055607275984,10.7784658136983,0.0954063693682353
2,1,0.814850635491544,0.881384873946887,161.999442677897,9.25520656163506,0.823607158021852,0.901825435903908,120.344338634084,8.17090303673692,0.104700434207916
2,2,0.824643820520703,0.889815126656335,150.978174202178,8.87401244671255,0.742365685077255,0.853175014399013,207.830331740463,10.6556875385886,0.0786741495132446
2,3,0.810231680732193,0.878136182344651,152.927305430896,8.90864675407768,0.852630477247004,0.876312140356276,220.128550319893,10.1447006690469,0.0977918346722921
2,4,0.814814696598909,0.881574029989366,157.982300115066,8.99939425590165,0.801955306393362,0.87301534427241,168.711355989948,9.41204306220183,0.109768784046173
2,5,0.814074620243819,0.881453083271522,163.430661292374,9.30936478875463,0.875322795102272,0.923765145448828,89.3754314585599,7.62774644781509,0.0830187678337097
2,6,0.814061199107429,0.881119093445876,157.224140041374,9.07572305574126,0.80861203253945,0.868956615239843,178.7707042985,9.21452929645226,0.0933722019195557
2,7,0.818443060783777,0.884332914544749,151.079955285936,8.77346600579892,0.786132141161153,0.809340839835351,243.9522318341,11.3366592586695,0.0894438703854879
2,8,0.809045873682964,0.876172462047547,169.489597287737,9.36199123733511,0.823278702189217,0.893439133043045,92.9269715726214,7.58241746711455,0.0810169657071431
2,9,0.820178412753608,0.886180487477547,155.478310816877,8.932662012691,0.764006394171544,0.858198339936116,175.839067514957,10.1539694261915,0.0966803987820943
2,10,0.812952723688326,0.881023587844703,155.369692903368,9.06217701878161,0.807430750345172,0.867771175634973,200.513947422526,9.43632772075676,0.0887596011161804
3,1,0.820795626894487,0.885858567723109,159.809694313596,9.09089773940205,0.75298665579993,0.855617509855669,137.988805400953,9.26361625538157,0.0993336319923401
3,2,0.812795687042994,0.880570342061985,157.200302275675,8.94790110571313,0.830485787836114,0.898425359904319,160.903524181188,9.58677977304627,0.10208059946696
3,3,0.811752273817874,0.878757395889541,160.893339163734,9.04572978994563,0.81451828225676,0.882610767429699,158.446574815939,9.75463961647483,0.094770085811615
3,4,0.813971744037704,0.88031628742306,156.202248435121,8.98847839771731,0.789134881801006,0.845164341396385,207.829695835259,10.3976169924347,0.0723843177159627
3,5,0.811603202960874,0.879786381637579,165.235470110604,9.30974959566158,0.852113800863664,0.915341330231676,82.3757647970814,7.12707290305998,0.0870016177495321
3,6,0.81542771337822,0.882079206217358,157.751545080998,9.1064648532523,0.788841346718781,0.875195666548593,174.802898640363,9.47530817497432,0.0800296505292257
3,7,0.811282140263713,0.879195865221335,153.678717854347,9.00986226477144,0.82913172079529,0.843654322590448,237.755396324295,10.4364798863029,0.0818925499916077
3,8,0.821448310036865,0.886910764020045,148.356347674619,8.70175596707027,0.780910838554849,0.844819502881183,244.780986484753,10.8231819837799,0.0727842330932617
3,9,0.820487741093345,0.886932665562663,155.617587360914,9.04625377215215,0.760712350156821,0.843752190252966,172.081710680745,9.11314667172538,0.0805375536282857
3,10,0.826095505618688,0.891930540215504,150.822686270181,9.00588619116439,0.777091736090986,0.863919313008188,166.768028600306,9.28396326520789,0.0929482698440552
4,1,0.821783794789986,0.886595577565399,157.18057025498,9.00959966760063,0.741790133256366,0.846314763668547,158.918071907997,9.07653867351475,0.0956604798634847
4,2,0.817381390844182,0.883836563062292,159.350304593039,9.17280559930161,0.816293999295282,0.898944125142618,129.112995483555,7.77962929433253,0.102662181854248
4,3,0.821576644482741,0.887013717342837,150.043956773227,8.81104133561717,0.759146540089569,0.822983951603319,231.122231373351,10.717236660592,0.0952345530192057
4,4,0.810287031467198,0.878655251540016,162.673192696717,9.26670874032848,0.872598782409972,0.928885608680972,104.751362292071,7.15862354809145,0.0978093504905701
4,5,0.809226108378191,0.87672760118095,165.990619301548,9.31187099990163,0.856463204179828,0.909552993142289,104.474387892977,8.06173329410176,0.0773856004079183
4,6,0.817602968628753,0.883676816532313,152.242368696529,8.95445654024096,0.772070188582844,0.8517096077548,228.609526959496,10.6816730652618,0.0911107500394185
4,7,0.815739701676848,0.882425002936699,152.795726782778,8.85384527495976,0.797640987458601,0.852011437456829,224.130965985087,11.0009445618506,0.0918856183687846
4,8,0.815034292679497,0.882478189959998,153.472901566324,8.85408318072505,0.810922043655932,0.86295333282032,207.849844844214,10.9701734641341,0.0863052328427633
4,9,0.812779112119253,0.880930175697887,161.327404123681,9.15815758930668,0.83439117287069,0.893614602576019,132.89923255526,8.69800154304603,0.099359134833018
4,10,0.818768446577431,0.886214503889404,155.316144467451,8.96280267459196,0.797544065799051,0.847443893165595,173.005904667521,9.84948953081344,0.0917041818300883
5,1,0.815799910446717,0.883353660118311,154.920773298816,9.00807642993709,0.814135495525555,0.864942297892181,183.59976511427,9.54037764257395,0.0880704681078593
5,2,0.813884933492515,0.880841450668428,158.07465424384,9.02043181174497,0.814565784469929,0.896515569328786,164.740902184834,10.2064115612322,0.108018565177917
5,3,0.822106649457154,0.887518498990405,154.274212188925,9.02098017350009,0.739809579043497,0.842928472005114,188.431631589228,9.3960162451915,0.0969194173812866
5,4,0.820372652018683,0.886527836433744,155.71433814574,9.04087539700208,0.787728222417242,0.865773359543932,155.84693928906,8.86759327208502,0.100915519396464
5,5,0.811922943319645,0.879529608879388,161.64135229578,9.12712995912384,0.833655185742646,0.879262970535864,139.246418270338,8.41305001352305,0.0811411499977112
5,6,0.813981628830953,0.88139871938575,155.489886829583,8.87660785465417,0.819150304320432,0.881081674239432,182.19808202997,10.5797495747116,0.0737786491711934
5,7,0.816964231014124,0.884334632371122,150.643403305675,8.89565754322608,0.799427462740586,0.86446375066811,226.10642824049,10.5463927172929,0.0875030517578125
5,8,0.81376268569558,0.882142652567986,160.848171738286,9.24453204454779,0.834094963733433,0.902861883698426,121.240549305773,7.13993453069502,0.0955090324083964
5,9,0.818579908692224,0.883913493391,151.774025658108,8.84497147193195,0.748638517183326,0.815799424190957,245.199828599404,11.5292291618237,0.084137769540151
5,10,0.819719578424559,0.885717067656444,161.016617324757,9.16204956521987,0.788594602433298,0.878035573966897,119.277477763473,8.65364455064693,0.101078466574351
6,1,0.814597066695588,0.881477483572031,159.929885408542,9.15725357012941,0.80679333967338,0.877792553897748,153.069969885144,8.64184756688116,0.0855255325635274
6,2,0.81125350316455,0.878894588115694,159.07436635629,9.01804943398321,0.843839866543442,0.884913915060135,158.843105488156,9.39770183946151,0.0996840834617615
6,3,0.818853928420208,0.885195042266111,158.825109621323,9.07483414619396,0.783237730664511,0.876226828103583,144.008985941051,9.68486421574361,0.101617181301117
6,4,0.825317883688729,0.890007357911249,148.259766963512,8.65388423402819,0.720267613425324,0.803110714700836,248.604113735839,12.1046213671888,0.0909193992614746
6,5,0.813417448513422,0.879752829116895,152.432241731738,8.89834366601816,0.810857892716696,0.851821870457176,238.796935802711,10.8764609876562,0.0908534646034241
6,6,0.809296183601798,0.876639256305668,157.846944680433,8.98559500195495,0.850889196972295,0.889677062763467,185.858361427946,9.52055679493866,0.102211368083954
6,7,0.816656687877579,0.883653315851689,155.542681859624,9.12449708032157,0.792166987236024,0.859532256143107,183.988308407698,8.46360031640512,0.078183368841807
6,8,0.815200052084938,0.88242893767522,161.93394719402,9.29473573406681,0.805353707186836,0.877015749531756,128.742154646144,8.20375602702895,0.0964774012565613
6,9,0.815151853372627,0.881473618869929,163.658428460874,9.21739083442346,0.786640097165897,0.875120015713579,137.067067560977,9.46543023779763,0.0856855352719625
6,10,0.814058436560212,0.881638667497123,158.234458527964,9.07119938004666,0.819453285207746,0.89208300755583,155.417714459007,8.81097030701627,0.0752283016840617
7,1,0.82339655469457,0.889240096325884,147.963383680286,8.75622116485231,0.829519934853018,0.836127290085437,206.810905446443,10.0853582855104,0.0835916519165039
7,2,0.810457515232124,0.878008156378173,164.160487839833,9.20292240236384,0.832080438031382,0.853630123370298,138.809392487703,8.61443735039328,0.0896989305814107
7,3,0.81680756014769,0.883743394833939,159.584029266488,9.07912643329715,0.803069600470436,0.887666672046146,137.220612092487,8.69383121459361,0.0852445165316264
7,4,0.816434757860636,0.882216745339832,158.238493649232,9.0249588383551,0.761169414666111,0.854911425588324,182.661220050793,9.58776375893859,0.0900793313980102
7,5,0.808686495591082,0.876119685651685,165.121555958238,9.19809326158257,0.863256215418916,0.913709006127536,107.506493256093,8.35938571581316,0.0908040841420492
7,6,0.817494372288312,0.884648349706821,153.983425371841,8.94921222928515,0.809422289352836,0.870904142111286,182.358495828758,10.0475776946285,0.0864515980084737
7,7,0.821168348731292,0.886749972844577,148.153059228192,8.76724907722404,0.786924722556826,0.867464603671635,241.790943829716,10.7267020435732,0.079692546526591
7,8,0.813286943834518,0.880451507610151,157.100318220062,9.08744485487795,0.807544048633119,0.885342118687502,177.243620656261,9.23614116765064,0.0898534973462423
7,9,0.814666674373829,0.88265565041735,155.617445367164,9.03266968842782,0.838996293678593,0.881444929107507,168.590848431503,9.50237240981737,0.0953541000684102
7,10,0.819892377011519,0.885569328811083,159.2232477852,9.16713807231867,0.742250917509677,0.847145439450035,160.007546483419,9.24693053972559,0.099776299794515
8,1,0.80305383157714,0.870724716139969,165.975396997259,9.33927305831301,0.830430619317458,0.88941659610331,157.927925050261,8.78421205504615,0.0862393498420715
8,2,0.816744133332698,0.883718852623978,150.742914821096,8.88430589085383,0.805545299153248,0.835517049569708,240.883353986966,10.2137796664206,0.0792031685511271
8,3,0.822058397971948,0.888253487021915,146.544740403525,8.72362941804229,0.751393276204581,0.840536540242033,273.572802598548,12.4383566816416,0.0879035671552022
8,4,0.812945595131572,0.881438464578999,160.586748891121,9.17211666263038,0.852963784641359,0.894810440793726,125.232462409507,7.7910116121,0.0985312978426615
8,5,0.811896833874101,0.878750918434027,165.010616390471,9.23300131766418,0.836341414644245,0.910437006716036,107.113566533927,7.67519183793878,0.0930718700091044
8,6,0.816165319237986,0.881563569768883,159.938521460697,9.15793385739966,0.804857180881486,0.869923202826272,149.162283909371,9.38978896683635,0.0975309173266093
8,7,0.813839788789635,0.880992529073299,159.023397446373,9.11305213437142,0.810348489226273,0.895988875550407,164.450433062871,9.48206175586881,0.0780691822369893
8,8,0.811362526928102,0.878818499451047,159.207178260078,8.96621770875703,0.835362297044896,0.892415649402339,157.249878554685,9.95058714558242,0.0791664004325867
8,9,0.825310031244458,0.890172945517153,151.154138644057,8.89308230787625,0.752535500878387,0.836561987555823,193.115721925384,10.4645310283452,0.0760860681533813
8,10,0.824157713418385,0.890188023022282,154.596827755619,9.00344291646113,0.722942196677496,0.796170021445982,171.661436395964,9.23717957292323,0.0893953164418538
9,1,0.813191545824412,0.881372977199166,163.668469882424,9.23720492641391,0.873785710145063,0.922041310999044,82.421724444671,6.8866125461534,0.079474151134491
9,2,0.814266983968579,0.880671844210382,160.059009591226,9.03460266931259,0.789310175746206,0.87709799121053,164.101122908226,10.2218368854661,0.0797383189201355
9,3,0.811643173431079,0.879764963904083,151.214503441913,8.79826907445879,0.834656935630153,0.845539707411591,234.319979255043,10.6671058030795,0.0726144154866536
9,4,0.813135846188591,0.879675058943246,160.070939701346,9.11680658000725,0.790498137300483,0.857725965997025,172.781710482171,9.86576210638403,0.0766653696695963
9,5,0.836527757320345,0.898811037621327,137.683594382675,8.61306674122982,0.678397819049659,0.780508509821002,308.026842353929,12.1951950098498,0.0745037158330282
9,6,0.811234029130268,0.878422884949061,163.023827253601,9.18437598768909,0.820939797672455,0.881426187479462,137.42707543742,8.4635770431464,0.0955385009447734
9,7,0.808841582129546,0.877316821839923,166.738929326627,9.28444688351062,0.869258572480011,0.928430052558717,88.0264879431109,7.42890079845956,0.107908566792806
9,8,0.813416057939273,0.879261164625586,165.376615527786,9.32881451705157,0.777921148107236,0.876136154148546,130.538387863232,8.73977782729731,0.109823016325633
9,9,0.817365325746615,0.883191320119917,154.685320570147,8.99906673190326,0.793700393463623,0.872107897268593,187.070466422228,9.31793794765336,0.102669747670492
9,10,0.81454624250377,0.882465167095891,153.391463611842,8.95211627138636,0.830256116709118,0.88475942528173,189.115821070212,9.92638937840091,0.102755149205526
10,1,0.812924713832915,0.881171962188743,157.107127268596,9.06272936234437,0.851268094368099,0.886977797654037,156.750789373923,8.77926487089102,0.0898430506388346
10,2,0.818140999092682,0.884670667286165,161.881252271882,9.15865396346906,0.773378999896425,0.866226343236373,118.090667257977,8.73725606393749,0.0750769853591919
10,3,0.81321967107022,0.880281303853194,165.130784990219,9.28232846341547,0.834106836890592,0.903241106331736,94.0809663954119,7.4932191460917,0.096057653427124
10,4,0.815201060087553,0.883019438461629,144.789924982145,8.68882379899374,0.796820368405268,0.840136931404164,324.631710554908,12.445818740574,0.0951082666714986
10,5,0.813864748913467,0.881400460892127,156.513294049952,8.96405710600776,0.85823404706771,0.867755544327281,169.581141852109,9.2101627766333,0.088585885365804
10,6,0.812691709699616,0.880713838823229,165.993546725798,9.33257730308604,0.86616810993374,0.92839272199051,77.2459954605776,6.5324716035998,0.0951352000236511
10,7,0.82723671214296,0.890841735427987,145.532442880873,8.71464705552523,0.728710091873536,0.829735517225169,258.671936447356,11.8089686156362,0.0873332699139913
10,8,0.81667247375541,0.88316288629832,156.059050012552,9.01015957425279,0.779405306169347,0.853748527424771,188.444740122007,10.1768548152319,0.101312116781871
10,9,0.814534938941398,0.880462150901552,157.799308421336,9.02047141462087,0.804801647488818,0.888615698279011,172.400796166263,9.77152825166944,0.102447966734568
10,10,0.815272770836138,0.882746755263805,159.809363027313,9.1351317558858,0.79793883757961,0.877996497442293,145.633025257625,8.63897889811907,0.102559419473012
11,1,0.813262598462147,0.880356403134631,152.497975724876,8.75454264394507,0.815590788775435,0.857475747929082,230.479276583453,10.7682136394845,0.104744001229604
11,2,0.807272623383712,0.874423410774846,164.248557465733,9.23447515018727,0.839059929793311,0.902730891691806,135.408454435048,8.44143708140991,0.0914211670557658
11,3,0.820236189066309,0.885871786827882,146.795068149061,8.79359000180547,0.80004823681767,0.84502667662296,257.226278636629,11.0052452477745,0.0819092988967896
11,4,0.812126517366352,0.880254886483745,160.87104981931,9.15717105932889,0.848243149677826,0.898373700214132,131.975253944102,8.85558702941761,0.0812958002090454
11,5,0.822320101525128,0.888747020862874,152.389555804184,8.95194979782357,0.765453233752208,0.845057012165997,187.140696673633,10.0170375787329,0.0896490335464478
11,6,0.817742931747775,0.883262511650232,159.798480144675,9.02803655719251,0.740259228104857,0.85025893590894,168.487029865766,10.1215928761815,0.0883394996325175
11,7,0.812611420246244,0.879801952538599,154.879425106828,8.9276261823102,0.826004506718108,0.868701634767385,203.453172635237,10.0720875085582,0.087462850411733
11,8,0.818704532389099,0.886173398974866,154.608508010575,8.99651124515769,0.803866971765973,0.878268977313821,166.683116165937,8.56207469048556,0.0837756355603536
11,9,0.817077401939924,0.883895489291759,162.761921264284,9.23609024546598,0.805363364062468,0.867524826337613,111.209531883082,8.33897126328104,0.0905382990837097
11,10,0.813802445393643,0.879640598702166,165.66715686555,9.40900011714743,0.815615008850398,0.88925868813821,120.837727143093,8.27132605200893,0.0915133833885193
12,1,0.819464445378409,0.885554032709392,154.028999007549,8.94375957416129,0.776553720587125,0.828993914747965,202.633848949791,9.6525898289399,0.0877361655235291
12,2,0.822112813698635,0.887163225340282,154.132687655916,9.00636583579358,0.725416620514981,0.832005925143464,204.551896300285,10.0568070904287,0.0804013013839722
12,3,0.81374817364046,0.881431630209018,153.064532650836,8.9769749137961,0.814988401350632,0.879411772352683,210.394175178182,9.94847584161995,0.0909448981285095
12,4,0.812374384040798,0.881104536074287,164.821613470431,9.29110743372884,0.868963319304614,0.924410707070536,84.5862887323405,7.50366468407728,0.0911240657170614
12,5,0.808800649946074,0.87636817974982,158.14327656276,9.12426258238075,0.83805258255646,0.888771029034784,178.818361297866,9.04614363810655,0.0892051974932353
12,6,0.814044262157695,0.880328778005173,155.832974034132,8.96167345249215,0.782895635282839,0.825562551838323,206.762285068718,10.1319548908701,0.0820712486902873
12,7,0.818472669362483,0.885153631818623,158.551603653977,9.08997627640631,0.807722692282763,0.873310060956964,134.32438907232,8.65508090113381,0.0878421346346537
12,8,0.812709315587878,0.880085799994048,159.204166962627,9.07749295862785,0.81847473859832,0.896123818244407,151.307454305822,8.95990830452744,0.0969750682512919
12,9,0.820537193244983,0.88573131226235,153.029011157157,8.79331591516092,0.756277457800926,0.835708032232841,208.945011624528,11.3440780280367,0.0775123159090678
12,10,0.814377931695772,0.881785070723806,162.028147730893,9.15069348417094,0.826233648080793,0.899643425777052,118.525011058395,8.54352234897312,0.0987451672554016
13,1,0.819100031935956,0.885820784036461,153.931282489895,9.0007189679599,0.798130052838618,0.876320635218863,178.009155312951,9.06544044073526,0.0831596692403158
13,2,0.818606068612123,0.885324295488741,158.436804327532,9.04824974076976,0.792486569199937,0.866521413231278,134.38643141052,9.13050711272746,0.0783552010854085
13,3,0.807344935836798,0.87554714585626,164.083268410608,9.24380421534334,0.839240614408815,0.899439032209186,137.230948074095,8.64358191813475,0.0864592830340068
13,4,0.817321997055526,0.884266263784129,152.345732859737,8.92064483589317,0.822457907995495,0.887597710077138,186.527399727055,9.70262231625746,0.092027747631073
13,5,0.820228440492656,0.886029276162255,158.624236210053,9.05066833758569,0.757917643481451,0.857099785914798,145.394429097394,9.6352436797878,0.0982270995775859
13,6,0.815368257500525,0.882573132322466,158.83990834478,9.15954021062866,0.821026803243104,0.870537425248634,146.380984649923,8.45974831748988,0.0931994199752808
13,7,0.819120439518455,0.883697818618996,154.932154491218,8.92593429026063,0.693214225893295,0.804198192583687,238.060860378419,11.0573694678886,0.0870431145032247
13,8,0.815287383572112,0.88216232773461,157.93711884078,9.1322377172104,0.807982744679757,0.883550614191818,165.294257934813,8.95808712385289,0.0878515481948852
13,9,0.812444463274171,0.880741396102221,162.567268928564,9.19037811712608,0.80743274599776,0.869464594843663,136.958131588183,9.02109004930991,0.0887388984362284
13,10,0.819261829983231,0.886223692534815,145.384387992392,8.71573250276639,0.81313420927148,0.866760725460778,244.352373277027,10.800798291312,0.0855781356493632
14,1,0.81138921537498,0.878811204471902,157.329359863642,9.04249083312941,0.837171062621618,0.894508797963621,169.702058618472,8.81694406572952,0.0741454482078552
14,2,0.815332689981202,0.882523673692752,161.133849622554,9.15449428572114,0.826562000765974,0.897095695734516,124.905620425782,8.74132768027137,0.0998160163561503
14,3,0.816167164127787,0.883151021806058,159.145723440478,9.18917819201429,0.811149166334346,0.891954513831091,138.316371009897,8.02248623961398,0.0956295688947042
14,4,0.812448310426048,0.880351283238337,163.560994063122,9.26435807477411,0.850908291703131,0.91176769472597,101.257761546817,7.31147747353357,0.0888069311777751
14,5,0.813321360135698,0.881139595231764,160.836060878131,9.09709944349189,0.843147604930032,0.886602739248685,133.793281025121,8.88557499614445,0.0864613175392151
14,6,0.82209632774704,0.888066800424739,158.534115848514,9.14048311379871,0.794801003576797,0.862032586688757,131.257316623683,9.3007820373705,0.0982258995374044
14,7,0.822809199622154,0.887752555365579,143.414470109153,8.64745431440268,0.754914593406334,0.810191659074577,319.092733978176,12.0457142997232,0.0854599674542745
14,8,0.815464948972702,0.882623802945204,162.866662199922,9.20524549298127,0.817669442571411,0.89210134949725,111.547591032691,8.44613138033563,0.0739400664965312
14,9,0.81398109184844,0.881848405501609,144.512498997197,8.63429827132286,0.811355801125886,0.850265542516063,310.960076279291,12.6958948061833,0.0879072507222493
14,10,0.821376380122947,0.886864735410322,155.078444710539,8.86305422383206,0.756387450776153,0.831618350350952,176.882540732194,10.5702990596352,0.0926015973091125
15,1,0.816874758792759,0.88379406493181,155.588562804834,9.01509704839793,0.789022166459081,0.853529111530105,187.006142723342,9.01343594553894,0.0942925850550334
15,2,0.820282435937448,0.886199679573708,151.6514198883,8.81288479836852,0.765241558523363,0.838718726788546,211.193138380676,10.8312417424179,0.0860285997390747
15,3,0.807242100473503,0.875327362729776,158.757361323284,9.09204659490004,0.848781546283126,0.883301763932159,185.044952992547,9.78964325989137,0.0756511171658834
15,4,0.816068757934611,0.881605880639222,157.679250507822,8.94061566279823,0.790942913213155,0.874062240512198,173.211676549854,10.0617322985809,0.105911115805308
15,5,0.817586637224299,0.884471108832964,157.720201646782,9.12769425220315,0.7741861642646,0.857663213457809,164.508717072649,9.17534423088129,0.0884917179743449
15,6,0.811499172198599,0.879357871368814,156.671730867968,8.97324232178412,0.821603427304188,0.88961363559294,187.060043827457,9.48840940996208,0.0922069311141968
15,7,0.816344652126067,0.882220817400769,161.143115045632,9.0503750105234,0.753292203254155,0.854719315907721,160.665201647769,10.5818718983077,0.0981041510899862
15,8,0.825543264058395,0.89135273616018,155.068211332354,9.04346357629736,0.766160072394152,0.862563525564725,140.480140764764,9.16360931039723,0.0930894017219543
15,9,0.815414213802343,0.882468898449621,160.414028542888,9.09976009876629,0.819302548547541,0.888562123810176,129.727911928115,8.4805243405374,0.0954656004905701
15,10,0.817490415563694,0.885062475940099,151.840373814124,9.04904704752643,0.851603290089596,0.891226857619155,167.409643324716,8.15596114320359,0.0829820990562439
16,1,0.817698780360159,0.884451194369049,147.726919740149,8.80995728374785,0.797603916645708,0.84443537724828,259.178643932528,10.5426567454375,0.101204764842987
16,2,0.81152298140937,0.879230346033926,161.600295633454,9.11839242874565,0.833197466389526,0.904904080472536,133.122018667213,8.44122578743012,0.0858875354131063
16,3,0.803433674837926,0.873725681084198,161.952180164461,8.99671617469297,0.890359035094886,0.918980735794728,129.753639017419,8.97719165745247,0.0780352354049683
16,4,0.819479548909877,0.88563705600132,157.278126417979,9.01990565661069,0.766539620283801,0.862187715768482,160.795636610601,9.47384227435555,0.0976330002148946
16,5,0.811701402164911,0.879861775409729,159.372186904585,9.14759994825059,0.843208666649159,0.903854693733653,139.718343271454,8.13576846603007,0.0894798835118612
16,6,0.819364255237958,0.885025240751899,159.551596572136,9.14248271037759,0.740391146523828,0.82512066160558,159.914995231529,9.55304632660951,0.0948793848355611
16,7,0.825998948968595,0.89082516253231,150.178204624916,8.9097180122174,0.708263263528872,0.795583891789396,220.081905569992,10.1314501575707,0.101682285467784
16,8,0.811046834605763,0.878854880403369,167.955387214296,9.45460502383328,0.851120385074191,0.916026781792252,77.0689259536546,6.66520419713382,0.0785257498423258
16,9,0.815317671573941,0.881941001160197,155.366607742802,9.00593810065056,0.802830022066052,0.875348659971008,187.949951618009,9.65906897806514,0.078146747748057
16,10,0.824753841612237,0.889975396903493,148.479718366192,8.77682575790533,0.740610358624477,0.833806791245016,233.81807411614,11.9231379772789,0.0875002344449361
17,1,0.811417632769416,0.878434465748952,159.722301776969,9.08229451199687,0.821625001137573,0.884957333838249,166.102152049509,9.01059592455439,0.0849630832672119
17,2,0.820884143373247,0.887001204858662,157.423616886809,9.0876223370513,0.802979961878639,0.889653133452516,140.034656573848,9.10600405657893,0.0849859833717346
17,3,0.815837122912266,0.882918254578792,158.529626808815,9.03893349077987,0.801589216730988,0.880719738607795,153.248542778901,9.53643945930221,0.0740886688232422
17,4,0.819380373267299,0.885157272450958,158.909426870351,8.99135765718562,0.735942007338952,0.842706564720694,164.015438715558,10.0141254249716,0.104057049751282
17,5,0.812972483716639,0.88012333472667,153.804563657968,8.92275667366008,0.824076013154064,0.879485899183448,206.002195398745,10.2442111823079,0.101812648773193
17,6,0.809074039566854,0.876552351308821,162.481748626795,9.20243768549061,0.849164058924874,0.902188425490623,133.902407500252,8.57306597123216,0.111804735660553
17,7,0.828092523189556,0.892636203588285,140.74840758302,8.66581780580251,0.714342957643521,0.777243496243082,323.209554437123,11.6842754772754,0.0933759331703186
17,8,0.815498826332036,0.882680929990931,158.170153210991,9.06043083253961,0.798886714151245,0.865657730498927,164.124454758256,9.49541827957104,0.0856892506281535
17,9,0.813661643726468,0.881146811532193,158.844171801754,9.02069363426543,0.845871544033003,0.883419294362497,142.634499865787,9.06119816003507,0.0793916463851929
17,10,0.810413917501478,0.878494756385362,164.289763412324,9.31551415492087,0.827595237907807,0.897383745662702,117.491863577751,7.75873310843021,0.0858908653259277
18,1,0.816986543619456,0.882554899062632,156.975053960391,9.00707664629294,0.782163220933934,0.865726797360525,180.680519002336,9.79132518068422,0.0908596992492676
18,2,0.813691372030379,0.881437484815326,163.874423932714,9.22267313697581,0.823771960385684,0.896397242475715,108.991706268128,8.08694204896116,0.0863686680793762
18,3,0.815414266925127,0.882524865883738,141.636502818891,8.44991851565301,0.827156578482735,0.824049936034471,332.717428508858,13.4896685883034,0.0905636350313822
18,4,0.810288364926707,0.878921496261772,164.205060109687,9.25611929680919,0.859332621295536,0.922751116346997,102.859648467766,7.82391813449567,0.109892916679382
18,5,0.816392990225126,0.884434213510655,161.919697747095,9.20106788559553,0.838765163675559,0.903631984586267,96.3143265021002,7.55662883918875,0.0925313830375671
18,6,0.827110440465256,0.891944770334709,147.21818173806,8.80385565557224,0.71511538516778,0.830226630797982,251.786321318954,11.4885416900042,0.0730410814285278
18,7,0.811438702563868,0.87837761003921,160.532107422011,9.16483943969726,0.812848598446083,0.875579708146475,161.593467325486,9.18468307957169,0.0833629171053569
18,8,0.820307518207823,0.887086448920965,155.516579279141,9.06393130140352,0.812811616839787,0.8740030162359,148.146248604958,8.92737731980585,0.0912744005521138
18,9,0.815079582966161,0.881778996496702,160.879730411222,9.11959088381781,0.804555010403865,0.869886403640602,138.979338749689,8.79215228234617,0.0826273520787557
18,10,0.81463568440668,0.881355560222116,156.107649645867,9.10401215964117,0.813005093837176,0.872098722725579,183.424358349632,9.00427464554573,0.0858207662900289
19,1,0.814161187567727,0.881424296754719,154.309060205199,8.99846550711211,0.792758967319654,0.847233078466691,224.080676233984,10.3116566660368,0.10062563419342
19,2,0.822031285013614,0.888418156189516,151.40874867228,8.81794477525067,0.782412823166207,0.85244839382771,190.268291833482,10.031147649749,0.0940996328989665
19,3,0.817046257271706,0.88421809602971,158.795560676986,9.08734945513056,0.825626719185888,0.884563058246134,126.625657126883,8.23822369770774,0.105476566155752
19,4,0.816111422059001,0.883104302857641,155.517960117132,9.02209469237967,0.812161642046649,0.874016068986059,173.797182788051,9.24819472926132,0.087536366780599
19,5,0.814560058987744,0.881838409618138,153.472663005016,8.88808432538205,0.817480233991036,0.869224688723272,203.4866238983,10.437022053471,0.0909846504529317
19,6,0.814674115107942,0.879881896018655,166.002315906245,9.32546570624035,0.781276083250179,0.864419825685819,111.409580057538,8.24132531301916,0.088206148147583
19,7,0.80547341398869,0.874102026096426,164.42479876174,9.2373306867065,0.858890105004137,0.921093058603791,128.562390749908,8.78854126808211,0.0940694173177083
19,8,0.82242625072071,0.887921832891219,145.801179050977,8.72887126272949,0.774165695796059,0.852959459750972,279.948159005105,11.3093437318766,0.0844638665517171
19,10,0.816119301196543,0.881748204033711,161.728815995582,9.10314118560773,0.778830697578406,0.874591747345256,135.684274672358,8.89744313837712,0.104809315999349
19,9,0.816847596980561,0.883622916026491,160.042839609136,9.22979488745705,0.798917827027052,0.863503981115337,136.68448368123,8.6277788454827,0.0968031843503316
20,1,0.818212025298834,0.884853367808984,151.266834838778,8.91323008930952,0.795724913437005,0.860123549715204,225.911712152332,9.85548208949723,0.0927904844284058
20,2,0.823436598223164,0.888974065507272,150.127019787333,8.91787455353894,0.75817880348806,0.829299002826707,214.40045131267,10.4664669735993,0.109433015187581
20,3,0.812174950255818,0.879821621577512,156.210449369465,8.95188802775108,0.817208295897427,0.855853844468436,200.025097735356,10.4078649630702,0.0733955303827922
20,4,0.820854113042489,0.886807625236104,156.300759579191,9.01957176197362,0.779547667239887,0.861113177852497,149.324210650365,9.19835385595818,0.0909013152122498
20,5,0.816595296346597,0.883358788496948,152.80441040068,8.84913477148025,0.804938235003129,0.865467923039686,209.534721963298,10.7049383094563,0.0906583825747172
20,6,0.81508237997242,0.881807636381069,163.392457174537,9.17017974328756,0.814959329999604,0.896072438821666,113.945369598965,8.84890212671278,0.090328049659729
20,7,0.814603459309172,0.882122778898733,157.291410659473,9.09510391220056,0.831762128857468,0.880976010566035,161.366060904486,9.15530294020884,0.0813809831937154
20,8,0.818120872324547,0.885131569981383,159.666102105415,9.14342569716508,0.802236025899843,0.87915979930681,129.940694857123,8.7352670813521,0.09151371717453
20,9,0.807016086897384,0.876584049452583,161.466624102365,9.1613556969347,0.864961387026659,0.911254767858084,137.893816137681,7.81569977172421,0.111782248814901
20,10,0.822042716493768,0.888138492035082,154.364288736433,8.95536893775694,0.757041255966578,0.86147114930913,176.14680062779,9.5867631269379,0.0756457964579264
