repetition,cviter,train.cor,train.d,train.mse,train.mae,test.cor,test.d,test.mse,test.mae,time.in.mins,pred.type
6,1,0.916637954107835,0.946102093064386,80.8947894985478,6.05527458816017,0.871385076678106,0.91951688286547,107.981213415623,7.22397913749656,75.0158825993538,avg
6,1,0.916513002317437,0.946053694915989,80.9765386716018,6.06149746229592,0.871159298976341,0.919447030842374,108.142269825495,7.23277221071831,75.0158825993538,wavg
2,1,0.919737297023078,0.951815831715792,76.238875674966,5.89025094787126,0.85378476252365,0.921965152944481,100.786956954615,6.86877350440311,80.6968979676565,avg
2,1,0.919445288706777,0.95168557675797,76.4504828775419,5.90695136213426,0.853865190088038,0.922074290275267,100.957007511381,6.88662927270411,80.6968979676565,wavg
1,1,0.910260985515091,0.943402840388571,85.5775318811942,6.36435971057484,0.868582205294445,0.925258816298734,101.88095709916,7.74281000872242,81.318584549427,avg
1,1,0.910105771998421,0.943335150338391,85.6852864595332,6.37113598361364,0.868612860059228,0.925269358813486,101.908441674001,7.74309953725301,81.318584549427,wavg
10,1,0.896813193763043,0.935913531975935,93.1692272025703,6.59775303175261,0.893111836345261,0.904632211871822,131.991966815524,8.37147309787273,78.1899768710136,avg
10,1,0.896795678244656,0.935917661249084,93.1769278728384,6.60116091855298,0.893342386769356,0.904888657832818,131.728904993807,8.36773313545539,78.1899768710136,wavg
8,1,0.90460575829827,0.940494189714016,87.7500156509066,6.37641329999863,0.89505250193562,0.936045901419595,101.785444646383,6.55812847500214,79.4024440447489,avg
8,1,0.90452891592981,0.940399303458078,87.8498202332021,6.38181233885656,0.895052412379736,0.936047367484968,101.786208417403,6.55210956767537,79.4024440447489,wavg
13,1,0.895091711763611,0.934762041325068,95.8936928259384,6.70480690629432,0.808030327256033,0.87401077935993,176.174897929841,8.81450618477154,79.2319614211718,avg
13,1,0.89503879359035,0.934770296449649,95.9008720121068,6.70844423599994,0.807966448085206,0.874035947514924,176.151230546279,8.81994138187163,79.2319614211718,wavg
7,1,0.922998685913368,0.953703489304438,70.0032854651492,5.53769287301177,0.856902763025095,0.893222904333427,160.023109110214,9.17589457194996,81.5616849541664,avg
7,1,0.92277850888634,0.953494451178941,70.2396082522089,5.55457471652374,0.856621632759753,0.892935663136453,160.332901250053,9.18798699121474,81.5616849541664,wavg
15,1,0.915577750429423,0.94673122529933,79.1762947652038,6.1633192855369,0.815429740535323,0.881108838877737,164.067290724606,8.02879712598991,78.9499411145846,avg
15,1,0.915601695298035,0.946791380965774,79.1220625647189,6.16173976955449,0.815497300990743,0.881238326708796,163.984884525609,8.02412662692587,78.9499411145846,wavg
4,1,0.93633179642002,0.959816670890423,63.5695304228127,5.32371924596299,0.688170610376488,0.813402336458768,189.123326573332,9.36491167294073,84.8697557290395,avg
4,1,0.936462911964215,0.959936111560107,63.4127088619006,5.31921357650392,0.688257737306416,0.813485782813665,189.019543402721,9.36439069148271,84.8697557290395,wavg
3,1,0.917335447045614,0.948977669171036,80.3226026803406,6.0878484678291,0.758755890430872,0.85369285491294,126.902805051677,8.04284247017888,85.3871546904246,avg
3,1,0.917365428114133,0.949035607479294,80.2662444224842,6.08651703910715,0.758754449803752,0.853656224916119,126.929127916527,8.04777763320882,85.3871546904246,wavg
14,1,0.925668853743041,0.952525072132248,69.9231116295303,5.71694515282972,0.869736733175792,0.91370191075049,140.285229602639,8.3968406355527,81.5307931661606,avg
14,1,0.925811216295796,0.952670084506398,69.7607616874731,5.71181793651869,0.870174353543724,0.914064874957828,139.839774349078,8.38816822315752,81.5307931661606,wavg
19,1,0.926790100391784,0.955337579109706,67.02166686435,5.50768451937453,0.855604325082584,0.911092847251156,156.875281716863,8.63405544269276,80.2970935384432,avg
19,1,0.926841111742808,0.955390465241071,66.9628627182371,5.50552395343683,0.855490806124394,0.911079583246898,156.961780290641,8.63503678621368,80.2970935384432,wavg
5,1,0.92569874492328,0.952894672286169,70.2310213489083,5.57073275024397,0.863978416565982,0.90573670129068,139.453335518722,8.26641743860946,86.2312129616737,avg
5,1,0.925802407380518,0.952976688814586,70.1327886556777,5.56743814932025,0.863833167242245,0.905615023858954,139.602023368127,8.26336900276963,86.2312129616737,wavg
12,1,0.931217311688006,0.956684896605454,66.2810254773789,5.38437800158331,0.803475119733187,0.849862572119332,183.934935661866,8.95559294032564,85.1074458797773,avg
12,1,0.931345883517036,0.956833113135235,66.1016873852921,5.37645244784373,0.803479643004627,0.849943758337805,183.859343707286,8.95578515525975,85.1074458797773,wavg
20,1,0.922183709970508,0.95255195384856,70.8055212798522,5.77114992709184,0.848315503517436,0.882510468663064,176.554030656732,8.58412177878875,85.0265020211538,avg
20,1,0.922431527562255,0.952696577173326,70.6070404708372,5.76240250411103,0.848632827857981,0.882626344636549,176.36905943403,8.57383431019381,85.0265020211538,wavg
17,1,0.928468538469092,0.95709756685626,66.3691113798695,5.49446646516593,0.888988619838141,0.93323525215403,107.723840697431,6.9288524847887,88.9304427504539,avg
17,1,0.928149314353058,0.956929376426035,66.6210618197094,5.51227321496371,0.888835889630454,0.933137125798742,107.861866172167,6.93502429538906,88.9304427504539,wavg
18,1,0.932070951740806,0.9553122627055,67.2324536928515,5.53221695988415,0.80809123472601,0.87713783824073,166.576145349104,9.52538921708804,96.908972009023,avg
18,1,0.93168388842864,0.955119370513837,67.5187335408183,5.54869083030519,0.807817848721524,0.876919373826284,166.910207708897,9.52986699476273,96.908972009023,wavg
9,1,0.928291069443917,0.954478823955882,71.0490866348401,5.65730084331123,0.870051728726191,0.924592939056846,84.7340644177032,7.09946316299605,116.101539917787,avg
9,1,0.928209142647107,0.954377651991158,71.1662104448116,5.66505482537614,0.869877673565561,0.924451706141788,84.8838530811644,7.10417407185011,116.101539917787,wavg
16,1,0.924751805658105,0.952193614825551,68.4297511849881,5.59172420498396,0.864534845994382,0.909828285366892,178.399272079363,9.10177112725856,115.006372308731,avg
16,1,0.924376497622831,0.952039485637645,68.6540046814782,5.60970468437564,0.864334582333036,0.909982530925059,178.307379526545,9.10884974097443,115.006372308731,wavg
6,2,0.914786731865108,0.947396547921661,78.5452230494548,5.96633524274532,0.873878917740657,0.912229296440414,132.152491732972,7.87821622914934,82.3609282016754,avg
6,2,0.91496483215283,0.947571776017582,78.3544700172284,5.96018033261787,0.873714914046511,0.912106834388883,132.340680363466,7.88838168705308,82.3609282016754,wavg
11,1,0.938610262359779,0.961149840732402,57.3632720983183,4.89106824331905,0.816314810686038,0.875967620633751,210.463366539752,10.1407454367243,157.36595659256,avg
11,1,0.938594021555884,0.961195311255925,57.3285635726467,4.89112243018674,0.816433708093004,0.876077067122933,210.287732008132,10.1385626249803,157.36595659256,wavg
10,2,0.895030698475241,0.93236909866938,101.590567330031,6.855806660568,0.795537170476216,0.887347187622137,100.518783783775,7.76666508830452,79.9696950435638,avg
10,2,0.894962852991033,0.932330292996721,101.647951614821,6.85849287716398,0.795490329859139,0.887331047198601,100.56328589934,7.76572452657576,79.9696950435638,wavg
2,2,0.921816838866509,0.952139472561841,73.4641172773873,5.77993145952153,0.817520473321315,0.886977141820292,149.097059130402,8.34859725125117,83.0277749141057,avg
2,2,0.921485839013326,0.951889544069823,73.7796800992451,5.79530255931634,0.817592929262735,0.886934135290667,149.073815618702,8.35009180227407,83.0277749141057,wavg
8,2,0.89351505450535,0.935621817215346,92.6990123147156,6.71208078472757,0.84943931313521,0.885551093993279,193.536559886531,9.21361741808677,84.2463340640068,avg
8,2,0.893361400631339,0.935519320330567,92.821681987249,6.71788885435926,0.84954592898956,0.885446330948131,193.589179655911,9.21302020997606,84.2463340640068,wavg
3,2,0.921621342715547,0.950402882634614,73.7439074325559,5.75985597940291,0.86187534568666,0.920836304039015,132.105154336254,8.0484865654993,81.0476572354634,avg
3,2,0.921547880866977,0.950417120844468,73.7629224910718,5.76612251163284,0.861645943328826,0.920697388293867,132.313667822419,8.05706911610386,81.0476572354634,wavg
4,2,0.916047619520196,0.947462745878745,80.6148813332383,6.15718069636904,0.832041777852855,0.908047932154703,118.593406619501,7.68081690910053,81.8258203347524,avg
4,2,0.916008493017838,0.94747798245393,80.6209246350809,6.15863061489612,0.832271484574088,0.908204811545798,118.473774282124,7.67895037972923,81.8258203347524,wavg
15,2,0.919186839270445,0.948642406330544,75.8362964600273,5.73492685485399,0.801538394026997,0.879459424398014,180.811972984887,9.95072071057242,85.0846624732017,avg
15,2,0.918878496636108,0.948451219632004,76.0930065448624,5.7488450898124,0.801695842836255,0.879640419841801,180.715937134773,9.94483583193139,85.0846624732017,wavg
1,2,0.905221389931456,0.939871814054724,89.7418160949704,6.47345878677549,0.793215060225704,0.87808987039689,148.438581488965,9.19781296283007,88.5678350845973,avg
1,2,0.90523865112695,0.939885295834178,89.7255239141173,6.47347240193181,0.793302012322896,0.87812112994616,148.378463948132,9.19976294274812,88.5678350845973,wavg
13,2,0.914087328720071,0.945801907941248,82.8142728251148,6.18293240537826,0.817300532707195,0.875214161399199,123.326613855765,7.76483622610019,88.2405162294706,avg
13,2,0.914284575761805,0.945969479431497,82.6125237134895,6.17760168245437,0.817681434108469,0.875583228231985,123.074016325866,7.75778539279744,88.2405162294706,wavg
12,2,0.917903233775023,0.947923646415624,78.8939260614447,5.86213820059835,0.736386986630516,0.844957556283303,198.042975869835,9.51580948344421,83.3026688416799,avg
12,2,0.918027943239334,0.948081177304254,78.7052827836327,5.85849785824877,0.736567724809864,0.845090775042822,197.951696098516,9.51734614864923,83.3026688416799,wavg
20,2,0.915243831527776,0.948400073436042,77.9603501752353,6.00022613968876,0.782154099052447,0.854727713618223,195.615202076102,8.92837843862152,82.3390853047371,avg
20,2,0.91508427645042,0.948296877151224,78.098069924445,6.00725753665,0.78211272678589,0.854704117572963,195.652585732528,8.9262667801983,82.3390853047371,wavg
19,2,0.910234601927861,0.942452828945023,84.3696256674789,6.13105815825134,0.813966149715528,0.882011963249183,165.773048865542,9.20227073467827,89.9917224089305,avg
19,2,0.910066379221741,0.942425783972884,84.4483999215014,6.13351573858341,0.814092334859159,0.882157981921426,165.630594366786,9.20309410666941,89.9917224089305,wavg
14,2,0.886867219188527,0.926794292597353,106.648680674113,7.0053720407648,0.853800347712811,0.918258547783264,102.511616853623,7.79519128460203,91.3774040301641,avg
14,2,0.886548220551701,0.926552724979517,106.924100836241,7.0189494542026,0.853971295543992,0.91830075845302,102.444015748711,7.79350631918325,91.3774040301641,wavg
7,2,0.921427884423673,0.951168174452508,75.2494278983507,5.77045467067899,0.864863224883285,0.900618732467628,110.168239861661,7.2216299372673,99.7125838796298,avg
7,2,0.920822927732351,0.950795215539338,75.7658841305582,5.79557294620342,0.864914710385858,0.900735552868888,110.082675609803,7.21601923867183,99.7125838796298,wavg
17,2,0.939195958295657,0.961658403644937,61.0260735632282,5.23949381879271,0.801502425160297,0.881876457186701,152.829891205927,9.07145371734815,91.3059011499087,avg
17,2,0.939243886031238,0.961683403712248,60.9885872193939,5.23625306177153,0.801469249348024,0.881875829447044,152.777715932646,9.07145902899464,91.3059011499087,wavg
18,2,0.919121667555929,0.950384518788633,78.0130512641416,5.94719522490893,0.838100685026132,0.911194256131165,102.282712678423,7.61886939812548,95.1483877778053,avg
18,2,0.918985633511687,0.950327471761641,78.107536204786,5.95336317575375,0.838360395796425,0.911358003681512,102.160652447132,7.6133618025913,95.1483877778053,wavg
5,2,0.899916978863789,0.936395636409389,92.4232283676943,6.55633000109878,0.877709393616951,0.91968544177523,115.188940873541,8.11815885201365,112.519161677361,avg
5,2,0.900237496554567,0.936658838687589,92.1215884386326,6.54457279717058,0.877583516961163,0.91971592833841,115.214807357962,8.11406889847953,112.519161677361,wavg
16,2,0.919045636307416,0.948660271431158,77.4649037286202,5.85760579982372,0.905066252670867,0.934162832677438,86.3668054940417,7.07116084665871,89.4101420323054,avg
16,2,0.919128499170164,0.948640550926803,77.4518942740299,5.85693062119732,0.905289525333176,0.934134732296861,86.3249839645783,7.06657646173559,89.4101420323054,wavg
15,3,0.868499338430364,0.914422342740507,115.331457433795,7.29514353063405,0.887575450841315,0.916634499452297,143.206473656279,8.64735067329025,76.924132613341,avg
15,3,0.868363555464355,0.91438037987543,115.399962017993,7.29836651125134,0.887499114182354,0.916661003225558,143.195312315074,8.65143133889309,76.924132613341,wavg
6,3,0.922074416960674,0.951074995767733,75.7738840638944,5.85686428769212,0.827706027420386,0.903068446411503,113.146885484826,7.3746475964427,88.0025966922442,avg
6,3,0.922320413239033,0.951219764286082,75.5674881865566,5.84905779863488,0.827700367422439,0.903054362426087,113.13859797703,7.3750776491999,88.0025966922442,wavg
9,2,0.932530998838322,0.959110322027758,64.2033933507408,5.34308380608405,0.800102111062727,0.883010825276277,160.132944268832,9.43704912100726,129.337941451867,avg
9,2,0.932386252702291,0.959041274497749,64.314871499412,5.35453427480528,0.80030380406956,0.883117500123956,160.012913033593,9.43899428713981,129.337941451867,wavg
2,3,0.918743454279353,0.950911211356048,71.2383397419557,5.74039431211411,0.909025114304513,0.912851309992788,160.093692179503,8.84354915838104,90.3447959303856,avg
2,3,0.918636436941192,0.950828547642956,71.3380995292681,5.75024366652338,0.909415226602099,0.91302671228112,159.745613842951,8.83610824602304,90.3447959303856,wavg
10,3,0.90523786355487,0.942344435484017,89.9599673580628,6.31982215795281,0.845425646404064,0.913899555397953,87.6029759277927,7.34047789725954,92.918442551295,avg
10,3,0.905367473420492,0.942447456178328,89.830376520074,6.31665335956545,0.845415020553719,0.913915983109849,87.6144595591179,7.34705558888532,92.918442551295,wavg
8,3,0.924854316267758,0.953676925979902,68.1880927718216,5.49205329493297,0.841688282879599,0.890769556241123,191.654535382504,9.55192650267184,88.2452064156532,avg
8,3,0.924760501925593,0.953622508500018,68.2629512932944,5.49708161142437,0.841884668387945,0.890923982780714,191.441586089044,9.5517868368647,88.2452064156532,wavg
19,3,0.906337263414835,0.940458415110888,89.0728251716693,6.41398304191445,0.83071226967805,0.899657903870218,121.334167193619,8.15127866558056,79.3488295356433,avg
19,3,0.906136074871243,0.94034288171054,89.2318705469026,6.42208548823991,0.830560490302609,0.899587363234592,121.441432663277,8.15039468066584,79.3488295356433,wavg
4,3,0.897703853343672,0.93598639205341,92.2500268667097,6.5937327910453,0.822192448058126,0.866517436401596,187.581313539894,9.68338926400948,91.0785845557849,avg
4,3,0.897950873933652,0.936187332371041,92.0231894966147,6.58877941918675,0.82201163581244,0.86664683952218,187.533424218032,9.68602900693439,91.0785845557849,wavg
14,3,0.902070008281404,0.939998788443127,90.9675417277661,6.57101383628507,0.78028243059237,0.866714466677249,157.18984593862,8.33217433800503,83.5968146204948,avg
14,3,0.902060512848042,0.940012280215994,90.9617453827474,6.57232551953557,0.780274750873603,0.866738144174444,157.203034127679,8.33338027233546,83.5968146204948,wavg
13,3,0.921377854104595,0.94957718124135,75.4212832184024,5.89604184639337,0.920988484510455,0.949653335002442,74.9195402874742,6.58297515709213,91.2102407852809,avg
13,3,0.921532710303863,0.949712746305232,75.2608737070275,5.89109649806794,0.920958920344171,0.949702258922686,74.9038928378458,6.5804821341008,91.2102407852809,wavg
20,3,0.914866699386727,0.946335501765617,78.270502849218,5.98323214089581,0.881600625576599,0.913234205130115,137.039346512033,8.37558741070897,93.2312554279963,avg
20,3,0.915331381203246,0.946700407652403,77.8338083451436,5.9676729012792,0.881648367069702,0.913263879810832,136.980934317778,8.37896688573993,93.2312554279963,wavg
3,3,0.913462505018219,0.947973612965114,79.684521575245,5.96215291090695,0.835158073960041,0.897620785869624,139.882965364105,8.8181073307991,100.638338367144,avg
3,3,0.913573925645781,0.948035283077263,79.5921614220995,5.95819785308725,0.835090551453773,0.897586951147023,139.9439249154,8.82250347816106,100.638338367144,wavg
17,3,0.907063248738046,0.942285959707815,86.9361232851392,6.25312673666351,0.844135322303672,0.908208538810521,122.292573645052,8.58505236940682,83.7662301341693,avg
17,3,0.907178791989051,0.942358223787195,86.8408678541297,6.24837622662351,0.844303004622732,0.908288127474687,122.182236799604,8.58234870739804,83.7662301341693,wavg
11,2,0.90892410663669,0.94278431766522,85.1276060613289,6.26417051368006,0.890813777175775,0.924751414154031,101.841572998554,7.00735169488764,110.941319036484,avg
11,2,0.908848377843873,0.942835908933306,85.105136874601,6.26738550001067,0.890606156210177,0.924742280994749,101.919795033699,7.02372378062091,110.941319036484,wavg
7,3,0.908117938808827,0.942477543382815,87.5332402913794,6.36152509969341,0.816352018204946,0.890751315492916,129.053703351269,7.95617815380048,88.6599791169167,avg
7,3,0.908089926723145,0.942510023686868,87.5084402582002,6.36138249384594,0.816563050230801,0.890912453112215,128.889573408105,7.95025902840362,88.6599791169167,wavg
12,3,0.919961545581895,0.953262304954176,70.537617161691,5.74655706594808,0.841814632442111,0.909819342615676,178.679129458361,9.57141488011351,105.255698247751,avg
12,3,0.919807948535844,0.953145770661116,70.6774137550486,5.75528440527981,0.841919032843516,0.909817648028223,178.561084980988,9.56197897514127,105.255698247751,wavg
1,3,0.924781939566119,0.954470500314769,73.0350339086687,5.76026051218425,0.877796486122445,0.927197948697555,72.5390423088864,6.51945754760966,109.055297489961,avg
1,3,0.925180685253503,0.95476079078844,72.6481407021184,5.74359186078884,0.877926837818305,0.927326519280313,72.4472197398286,6.5223056622008,109.055297489961,wavg
18,3,0.915104441131554,0.946231446462584,72.1280073938932,5.78005031884054,0.893228614106781,0.886307337748754,247.507096841837,11.0025196562685,87.3257921377818,avg
18,3,0.915251383815022,0.946326059760176,72.0125844100507,5.77828503687198,0.892763090294843,0.886453623314197,247.431488081999,11.0006245652513,87.3257921377818,wavg
5,3,0.92338296755679,0.953428058352412,72.5696168062889,5.90162040119782,0.739032717160724,0.844325049696994,189.463894822927,8.55116714304564,87.6999418934186,avg
5,3,0.923543387180805,0.953544131707144,72.4165615504222,5.89491744960675,0.739081736848494,0.844378797491331,189.442951097866,8.55014732122067,87.6999418934186,wavg
15,4,0.903847114323359,0.938957541187397,89.8228371397887,6.34835070849588,0.806429119714541,0.878042307367733,163.280952598678,9.13930879810786,86.4213055650393,avg
15,4,0.903517197029679,0.938814847944658,90.0487726701698,6.35852552556279,0.806325740539888,0.878079765769312,163.330864335981,9.14352957994889,86.4213055650393,wavg
9,3,0.89469728363108,0.933146036384503,91.4584307179002,6.50994692725715,0.871173617184738,0.896434702115842,177.00905760373,9.60669459259415,84.3206979314486,avg
9,3,0.894035276520693,0.932743064472911,91.9547001947927,6.52577133070095,0.870489565423937,0.895691328475483,177.970761770209,9.61716964885833,84.3206979314486,wavg
2,4,0.909785626372797,0.943789370788306,84.0303324007311,6.11756591953802,0.845688264778695,0.89316631282764,141.792067591261,8.42469212943077,83.4278680165609,avg
2,4,0.909999594149701,0.943899915984741,83.8689361885645,6.11481832752417,0.845677291071326,0.89313143912705,141.808208267918,8.42092814835397,83.4278680165609,wavg
6,4,0.908665751316361,0.943398239641066,83.7967493350972,6.02379537384088,0.745123918850868,0.812577291968975,237.64093462963,11.0501625771503,91.1497897783915,avg
6,4,0.908180421535267,0.943108300493532,84.1868848790486,6.04519621681923,0.745093792386387,0.812656772139537,237.580384351605,11.0610089028092,91.1497897783915,wavg
4,4,0.921193383533121,0.951358481689519,74.5818139847255,5.87816418700771,0.865993975330294,0.92772188774807,109.50227303139,7.66660210006918,83.8133461236954,avg
4,4,0.921290276138739,0.951476123461333,74.4554735488719,5.87293910056758,0.865989707592945,0.927771229319268,109.579533526632,7.67581249720622,83.8133461236954,wavg
13,4,0.936190413342656,0.957886495948584,62.0928105142883,5.25009192833399,0.824781140254618,0.887443716606259,183.8344247173,9.48653316221237,80.1471057613691,avg
13,4,0.936015234681077,0.957777712723585,62.2376094100379,5.25751837330209,0.82523799144405,0.887670713976963,183.45383791154,9.47337507717502,80.1471057613691,wavg
14,4,0.915177398873137,0.946349952283635,82.2794701298969,6.18963575874721,0.899892741108618,0.937803345555313,75.3099106359164,5.85850565692854,83.100331346194,avg
14,4,0.915236126881507,0.946357611282807,82.259432863686,6.19094977066634,0.899780597957781,0.93770633965177,75.4165185737664,5.86529647332099,83.100331346194,wavg
10,4,0.93518809066999,0.960282623422734,56.7884044662266,4.95774980496362,0.844310101359004,0.864760381882608,273.563170151119,10.8606670028648,91.6514501134555,avg
10,4,0.934915786567108,0.960133722036909,56.9899255409467,4.97158361117481,0.844213066414204,0.86478356118008,273.583145736163,10.8688227714323,91.6514501134555,wavg
19,4,0.925694621370536,0.952809606536027,70.6273249836377,5.76865913176866,0.824120571158664,0.879063030012126,165.74836835253,8.71260109976713,90.3050878802935,avg
19,4,0.926013856806168,0.953005626750544,70.3601788021456,5.76015183311671,0.824359706851599,0.879193983194006,165.572854791003,8.70382611364363,90.3050878802935,wavg
8,4,0.905971985601559,0.940133381855276,88.7125170138922,6.33992681176255,0.889188443163879,0.920839374841104,106.225977654729,6.85030933315333,93.4322346369425,avg
8,4,0.905832742550321,0.940058575205881,88.8217122976565,6.34656346390541,0.889037486848669,0.92062081626736,106.512995848968,6.86159845461299,93.4322346369425,wavg
3,4,0.914232279799337,0.946274656889254,79.3338138913169,5.89847250150577,0.821889938623438,0.884519057482022,173.844167305576,9.67077016591442,83.247317691644,avg
3,4,0.913814283663324,0.946020020202113,79.6690489344419,5.92317930723866,0.821931688244144,0.884559677232451,173.794693072663,9.67424050356446,83.247317691644,wavg
20,4,0.934241239289246,0.958738065731904,65.0989619276111,5.27560001202674,0.794899087575283,0.885043422710169,147.56717532243,8.27973642842234,88.2819346666336,avg
20,4,0.934100263033191,0.958642715163288,65.2394289663648,5.27994454051312,0.795433486772271,0.885362392446142,147.213769485246,8.27432068350461,88.2819346666336,wavg
11,3,0.932245009632261,0.957673273206957,62.1691371373381,5.28498886242353,0.83921661362418,0.883907105707607,213.10623247377,9.3469502837348,87.7374971628189,avg
11,3,0.932255989625084,0.957680932444506,62.1631055812757,5.28808640122197,0.838946743198225,0.883699578647781,213.447050783769,9.34698407226628,87.7374971628189,wavg
16,3,0.926643506942286,0.955827166676747,66.6322840304013,5.36029990538244,0.857543802450349,0.911968839347556,147.535419670039,9.74266131967844,153.439705379804,avg
16,3,0.926485277955419,0.955726203457763,66.7656135080776,5.37013845335317,0.857553870091671,0.911924741623553,147.537838537667,9.74655945564132,153.439705379804,wavg
7,4,0.92071027081991,0.949461458452411,76.1764342556869,5.89490320510319,0.802641672220121,0.87283624648698,154.959228980491,7.9848077035408,93.3245219111443,avg
7,4,0.920609103998813,0.949396270698436,76.2638713595012,5.89807656341003,0.802954130779651,0.873061739519846,154.758698941872,7.98189965941552,93.3245219111443,wavg
1,4,0.921766808567126,0.951278252933221,72.9549449427519,5.7927896151035,0.821674718975457,0.880419544252037,161.73004988383,9.51096014907956,91.0312445362409,avg
1,4,0.92169207045155,0.9512089646981,73.0346782405306,5.79786009657113,0.821762897670982,0.880488253487101,161.65099875736,9.49924042474812,91.0312445362409,wavg
17,4,0.926757563597573,0.953475178814411,72.2863248542952,5.66112218002997,0.777980621121931,0.869085255783893,139.61619210712,8.62503742868713,100.646943136056,avg
17,4,0.92688228296947,0.953596216706984,72.1406624029767,5.65343740694591,0.77770903188565,0.868994528949273,139.808221000869,8.63206529040225,100.646943136056,wavg
12,4,0.922755416256957,0.951525837843595,75.7130343230365,5.81958872422992,0.871385751406096,0.927220895328542,82.1597876954516,6.30911373512101,94.1497387290001,avg
12,4,0.92268638708794,0.951453089006048,75.8014410888264,5.82355747366027,0.871501112504423,0.927314681043651,82.027682680534,6.30265879696216,94.1497387290001,wavg
5,4,0.912517709329691,0.943212178870548,84.87823460661,6.27129484581564,0.841839768254037,0.888622545098095,127.382854050463,7.95442116663877,86.1881056070328,avg
5,4,0.912403926876503,0.943151589499131,84.97042708491,6.27383001220975,0.841814727110315,0.888746294069765,127.326546744041,7.952154060615,86.1881056070328,wavg
18,4,0.918829737701503,0.949884003112214,77.4611154989202,5.88668360650303,0.85869486067261,0.921011156062052,105.321529363322,7.34692449851036,89.1177819848061,avg
18,4,0.918591576868422,0.949735518354108,77.6738098993136,5.89961926753651,0.858635118486669,0.920996658305671,105.347178077436,7.35125996599477,89.1177819848061,wavg
15,5,0.924298045552359,0.95326264980506,72.3139593456883,5.72431822229257,0.812852292229149,0.883492738472134,136.203077694104,7.70580253184438,83.673001909256,avg
15,5,0.924116485924846,0.95317810900168,72.4498221529051,5.73123796533701,0.812472088451029,0.883343928916607,136.410987937228,7.71580299383512,83.673001909256,wavg
9,4,0.918005224579074,0.94826011987713,77.7680009999027,5.91978358567974,0.877887668933088,0.912534076132631,114.137227757625,7.28617304468482,91.0219555338224,avg
9,4,0.918007811282614,0.948349691380581,77.6999941999206,5.92206613585691,0.877818939003025,0.912765480778814,114.014276910573,7.28308874412671,91.0219555338224,wavg
2,5,0.908349949555379,0.942157572487884,88.3225831854917,6.46470430821542,0.883476839285649,0.924991977423342,83.5637705871515,6.79040838025395,85.9000713825226,avg
2,5,0.908514146225458,0.942273663487985,88.1706052749753,6.46315298916714,0.883500499610252,0.924959893588531,83.5920458661573,6.78939475596136,85.9000713825226,wavg
6,5,0.924510674274805,0.954052359638046,67.6778067654405,5.61379815506978,0.893137076725661,0.912706450842395,155.399365638543,8.31910647700441,89.0063532114029,avg
6,5,0.924623406295324,0.954149975307405,67.5647150225432,5.6123920622716,0.893666887095182,0.91306700982091,154.853918013112,8.298132104686,89.0063532114029,wavg
14,5,0.9201258558812,0.949848058399132,76.3643361945512,5.94293974056096,0.849026721755526,0.913494915696385,122.935557689348,7.97813672180295,88.0251268347104,avg
14,5,0.919943638586904,0.949708120767314,76.5395584160906,5.95212008811698,0.849034045827924,0.913463015471848,122.925771220645,7.98221377666509,88.0251268347104,wavg
19,5,0.911401468486005,0.946412741312694,79.0317279763705,5.99448596430314,0.877755638667983,0.907657909540377,150.939880864384,8.80947627404034,85.9601629137993,avg
19,5,0.911735799185721,0.946647972544167,78.7410019487319,5.98717106757652,0.877788746682476,0.907790776105389,150.809368443058,8.80811230999488,85.9601629137993,wavg
10,5,0.926588889509525,0.95569725806166,67.7138362936051,5.47650155445494,0.867636772646458,0.907253436815906,144.213132431909,7.65972680617968,86.8029234846433,avg
10,5,0.926462008952264,0.955590472011004,67.8431085824501,5.48474196128956,0.867953551870321,0.907437855074098,143.896166975214,7.65134887287331,86.8029234846433,wavg
13,5,0.907602838432507,0.94290991119891,88.0975006634386,6.21486782695153,0.825716011405384,0.893944107077379,107.495455589994,8.52127085743761,92.2265814701716,avg
13,5,0.907488091126101,0.942832005147855,88.2006895624168,6.2202100358174,0.825787179864157,0.894069068411645,107.443775305641,8.51799159937841,92.2265814701716,wavg
3,5,0.90943041973401,0.943916544377634,86.5056183516028,6.38192244161589,0.883837569190147,0.936806886037355,61.0100969617555,5.72151376527961,84.5917784849803,avg
3,5,0.909224476094998,0.943766802896501,86.6983852155214,6.39129393225254,0.884170286758816,0.936970088155477,60.8094174965851,5.71175801377695,84.5917784849803,wavg
8,5,0.917082101182835,0.949114365019081,79.3999312413253,6.08025482341321,0.825844125717141,0.90031535154244,111.313011551769,7.34490197499102,91.0460882345835,avg
8,5,0.91744461826772,0.949289451471325,79.1194858305689,6.07364723537797,0.826213649181008,0.900506461397259,111.076332840376,7.3365055512999,91.0460882345835,wavg
20,5,0.91304906735242,0.94643768814659,78.8916158799868,6.06056250927326,0.879193885814012,0.904837623778834,149.640999861268,8.22540748569345,91.3298352440198,avg
20,5,0.913176734852268,0.946512143638431,78.7878969534619,6.05743193132118,0.879059881725463,0.904816326022482,149.646098500992,8.23344167402721,91.3298352440198,wavg
16,4,0.927959942524965,0.955347953315778,69.6868399667441,5.58868351266625,0.786203575033722,0.872812086749102,147.99507538237,7.64359164095855,88.04186287721,avg
16,4,0.927901682101201,0.955265215415049,69.7763933647159,5.59276197687224,0.786303795006636,0.872797846370108,147.932336300572,7.64111840513779,88.04186287721,wavg
5,5,0.926299655805182,0.954759238407404,70.1136288996487,5.5398836164572,0.815403983509989,0.894555906359953,144.832148984764,8.73505398875332,79.0641940633456,avg
5,5,0.926547048388027,0.954913464962356,69.9033571614771,5.52883425919034,0.81529762389782,0.894499529205397,144.91807562954,8.7327953881577,79.0641940633456,wavg
17,5,0.901893512586206,0.939661804454429,86.7081253836145,6.36638067114504,0.856986171783736,0.8885932361794,181.251059810831,9.38829010607542,86.9021015008291,avg
17,5,0.901874519627777,0.939663206081384,86.7142701229341,6.36683102235406,0.857062670149975,0.88871558046949,181.121316588004,9.38497323681998,86.9021015008291,wavg
1,5,0.912961095362445,0.945681638170006,83.2489763135098,6.13482739227522,0.865975192766371,0.921093613493368,88.6010478961776,7.41830576763714,87.7182903170586,avg
1,5,0.912781934032567,0.945565852159867,83.4035563588575,6.14180606301548,0.865933598081483,0.921048404730324,88.6289876947473,7.4180984932837,87.7182903170586,wavg
12,5,0.923148179802693,0.949980734148186,72.5672946075554,5.77853577665608,0.920103979897721,0.922817468181104,122.660372504235,6.97822207563999,86.4673111240069,avg
12,5,0.923226209113268,0.950113320862792,72.4294341996391,5.77545841313489,0.919945272301535,0.922967529921081,122.524980583314,6.98001199864804,86.4673111240069,wavg
7,5,0.923755359222363,0.952376866211895,73.2160525692168,5.77334652952484,0.865771477640072,0.925255964044459,108.15618716143,7.60997684876871,94.6257369677226,avg
7,5,0.923597017053379,0.952302843341906,73.3334204500547,5.78258661120842,0.865400635635786,0.925067872428518,108.496798193315,7.61139254507899,94.6257369677226,wavg
18,5,0.925556239444974,0.955726090918853,71.4894248760953,5.67078252722017,0.802901798616737,0.890817944839657,117.801484371597,8.2151976352317,86.1881915648778,avg
18,5,0.925670328834852,0.955846102774096,71.348991958981,5.66655959549005,0.803072872832191,0.890895979612673,117.71610734664,8.212731641601,86.1881915648778,wavg
11,4,0.896673872413777,0.935677729297224,95.3824570800795,6.69170401892161,0.89669673260994,0.941835388261556,87.0996284197044,7.44912610702419,110.912750399113,avg
11,4,0.896611829391589,0.935647860515001,95.4236661877427,6.69712370959636,0.89673890409481,0.941843354033432,87.0724697412986,7.4462194852893,110.912750399113,wavg
4,5,0.897564086565543,0.934097945696987,97.3742835476551,6.75836514167946,0.878420917775614,0.930794426038075,85.3081595516025,6.75093187377882,144.446979518731,avg
4,5,0.897435635813661,0.9340635801812,97.4472672324663,6.76166051383733,0.878419538799638,0.930824416783814,85.3099055795231,6.75396379180471,144.446979518731,wavg
2,6,0.925529963227287,0.954650068978123,69.1791662946132,5.5226727237088,0.822251401580215,0.885024207174118,165.599870514129,8.91099478170077,80.0555955012639,avg
2,6,0.925571249812733,0.954678661476702,69.1419998821674,5.52268557292988,0.822283438156411,0.885098640648646,165.556030551034,8.90926686983052,80.0555955012639,wavg
15,6,0.908800316094362,0.943286987957138,82.5885425994212,6.20557494879549,0.82971701101133,0.898393711423635,176.897571746457,9.50730173506975,91.9746121009191,avg
15,6,0.908900758921775,0.943331269897249,82.5197978066477,6.20403052179537,0.829813334321213,0.898426127078052,176.809020301514,9.50401516425896,91.9746121009191,wavg
19,6,0.904648307077329,0.939728532095111,92.7322634107392,6.53761105192767,0.811507321649409,0.890905364383235,93.2414021218895,7.40677575053024,83.1081928571065,avg
19,6,0.904710157137018,0.939771281073613,92.676478618418,6.53588323472102,0.811656758495276,0.891069079193024,93.1819729074549,7.40238765025864,83.1081928571065,wavg
9,5,0.938330596645888,0.963828656238986,56.3222232391446,5.03484254075666,0.686722825797512,0.78944492022796,305.586453046465,10.8770513126623,92.0599851091703,avg
9,5,0.938317582147387,0.96381750407005,56.3367462433087,5.03838480936368,0.687423489750327,0.789918766853232,304.965008364716,10.8660105139269,92.0599851091703,wavg
10,6,0.902031683438122,0.937541608586978,94.9425875672289,6.71664992964277,0.886821477281837,0.938477585548299,63.0726703976444,5.94583227431917,86.100634153684,avg
10,6,0.902292280402407,0.937702213127183,94.7244921220602,6.70859198538657,0.886845390425015,0.938486770358597,63.052848438516,5.94430078557038,86.100634153684,wavg
13,6,0.92423485652373,0.951999516401698,73.1741966383051,5.7284036899941,0.82283893876119,0.879661268867569,139.906982106468,7.55225680631828,87.1557895302773,avg
13,6,0.924134253237191,0.95196773971355,73.2332209209432,5.73353293483508,0.822584117653145,0.879514549071801,140.062259968191,7.5632497213107,87.1557895302773,wavg
14,6,0.935494576068983,0.961502235347432,63.1263502082368,5.31402621531939,0.74147146723469,0.841882698462163,160.672122762228,9.54204327405548,95.2172335465749,avg
14,6,0.935578852972417,0.961532852355388,63.0672888463556,5.31258851697129,0.741465122728394,0.8418996741639,160.598481814344,9.54096709071652,95.2172335465749,wavg
8,6,0.927678164346541,0.954694060477643,70.1470125798241,5.75346755370018,0.786864273161085,0.870247582091558,157.288018637099,9.187512565732,88.8577924648921,avg
8,6,0.927578987156055,0.954643651424935,70.2240302382183,5.76019936633249,0.786410634370634,0.869907513540108,157.608055757427,9.1933795932365,88.8577924648921,wavg
6,6,0.920549961657787,0.949025445400261,73.9697751957584,5.77599726454382,0.87675322690459,0.89102385359693,176.124767313692,8.7501267147212,101.233776680628,avg
6,6,0.920252304638438,0.948880727051976,74.181429282457,5.79040315633358,0.876693675555897,0.890968146559976,176.225676538677,8.75353427357395,101.233776680628,wavg
3,6,0.924317731405337,0.952882219282068,71.7752291753473,5.72691413592447,0.824512031259327,0.89520737968823,150.044621526074,8.3272176268568,100.687621688843,avg
3,6,0.924301050668613,0.952872398640132,71.7873395297144,5.72918458636324,0.824492493880759,0.895173298973408,150.059713196837,8.33048488063598,100.687621688843,wavg
16,5,0.911493358120023,0.945131167636562,81.8340325155902,6.16263845135209,0.871610718605035,0.927563266594548,115.445832054905,7.22606109675145,88.0325469454129,avg
16,5,0.911356980508573,0.945051754218585,81.9443533888366,6.16949165136057,0.871731019753736,0.927620236056824,115.341007646731,7.21954599868429,88.0325469454129,wavg
20,6,0.905110082505899,0.940957113370925,90.7739970107949,6.53141973881904,0.786471111831064,0.88072376213472,123.964196484675,8.6033064516449,93.0920739889145,avg
20,6,0.905430720236513,0.941164873171326,90.4919200659906,6.52391882666742,0.786605846466873,0.880791044454845,123.901629050164,8.59744368723915,93.0920739889145,wavg
7,6,0.90900278047865,0.943319629218661,83.7303900791343,6.35764858008749,0.81463535315534,0.887744582003055,172.518582519961,9.1189520607872,84.0576545834541,avg
7,6,0.909511339138008,0.943623790489284,83.3185148420859,6.34191179732447,0.814980472568192,0.887941730542273,172.238565505217,9.11459383503465,84.0576545834541,wavg
1,6,0.916252254081774,0.950322895214246,72.6574479181316,5.84506663668018,0.87949552748032,0.904712095117457,176.603394076007,9.45194896522316,86.7898535807927,avg
1,6,0.916380106952879,0.950390940355788,72.563151624674,5.84669237401712,0.879286541504548,0.904579024190173,176.811955242053,9.45716763421579,86.7898535807927,wavg
17,6,0.908412038420557,0.942550967647316,85.2462186774669,6.33998269155624,0.87881921339184,0.927791494255154,107.622381732559,7.05840904494157,89.6308423598607,avg
17,6,0.908165739569166,0.942363436314818,85.4730592816889,6.35189614250587,0.878978785409329,0.927837382336153,107.525971603464,7.06061584556081,89.6308423598607,wavg
18,6,0.934780161835691,0.961539711907228,60.4391024580553,5.12621133879315,0.700211573029674,0.813776838060558,255.181667889069,9.67878591546331,90.6032531658808,avg
18,6,0.934953410271957,0.961604045350183,60.3211814197089,5.12179657354136,0.700428563315405,0.813780194429421,254.987525789832,9.66122168270942,90.6032531658808,wavg
5,6,0.92587688793618,0.953530143042947,69.2459579934149,5.40243528704245,0.869494387735388,0.908144804601497,141.029505026135,9.2978673288336,99.0475802103678,avg
5,6,0.925678996928732,0.95339146076642,69.422887552425,5.41295126293617,0.86949951438159,0.908011544819142,141.122979066837,9.3079939916707,99.0475802103678,wavg
11,5,0.928181475413214,0.955004994287016,68.8607886398344,5.54882633363001,0.786834158197728,0.865989628756196,173.889683940572,8.90273576928547,87.0606560150782,avg
11,5,0.928303023339029,0.955023425795723,68.8044526860113,5.54597014090091,0.78723142818151,0.866212327040116,173.621796515778,8.8942559270343,87.0606560150782,wavg
12,6,0.920743994848052,0.950855360652751,73.0896244941941,5.78664319434536,0.778901906419618,0.848522491138081,199.876622047511,10.3350975912031,111.103003446261,avg
12,6,0.920889194956839,0.950926068991007,72.9828811346992,5.78381111379119,0.779057052702985,0.848631434167249,199.773715892464,10.3345559139622,111.103003446261,wavg
4,6,0.911151018554266,0.94487518351409,80.7252110045115,6.06170183021877,0.851721380208368,0.89238065578971,165.645658740071,8.68103520300007,88.5168891787529,avg
4,6,0.911266432296872,0.944949819607372,80.6263393613587,6.05836218592414,0.851732425379759,0.892427448118161,165.610339637468,8.68229680035633,88.5168891787529,wavg
2,7,0.934315815299586,0.96012694911618,60.6883308603893,5.20464595544646,0.74721531611171,0.827886837008894,264.257749935952,11.4966330213871,85.7197233319283,avg
2,7,0.934290494741817,0.96018140570513,60.6565482955743,5.20763793441013,0.746997539597607,0.827948606475772,264.423431103823,11.4990583438119,85.7197233319283,wavg
15,7,0.910498593440122,0.945708565517248,84.4538336664234,6.30161226912194,0.791974889000868,0.872599472831389,134.862499988994,9.24188794602477,90.9262472510338,avg
15,7,0.910518084891972,0.945730038085768,84.4300691969821,6.30315002907363,0.791999709384612,0.872563897921628,134.857261831675,9.24031230721388,90.9262472510338,wavg
9,6,0.925304472398244,0.953332931333532,71.8651570748428,5.72811365688498,0.816356252435134,0.893581962452708,137.857970481822,7.95316453904748,88.0458999633789,avg
9,6,0.926085731592977,0.953857397604281,71.1605544400737,5.70061695579132,0.816323006397155,0.893564432572327,137.87882795413,7.93990222333368,88.0458999633789,wavg
19,7,0.931296431147518,0.956575597131233,65.8946542249272,5.45701029663141,0.879139642234075,0.928577855959513,121.347479989204,7.5293794300956,90.1838753541311,avg
19,7,0.931311243968137,0.956586984901316,65.8807241270694,5.45714826042266,0.878759380050163,0.928349146840409,121.720535266526,7.54001373097356,90.1838753541311,wavg
14,7,0.930933521734948,0.956243925810579,62.9078331129676,5.21651983272605,0.779128035860458,0.826255017319092,296.722841981795,11.229783935617,79.1475578467051,avg
14,7,0.930894220721327,0.95623173756088,62.9319678465952,5.21956251129447,0.77859101000893,0.826283526663498,297.034964253743,11.2367098621281,79.1475578467051,wavg
8,7,0.890186976290893,0.930314890774268,101.006388407306,6.90786452202229,0.837511339892817,0.904121446426531,137.339186846985,8.12158159948611,83.2316253344218,avg
8,7,0.890038849597873,0.930216271764278,101.117738322446,6.9117722053889,0.837282672849061,0.904004118520089,137.536523182199,8.12373248659288,83.2316253344218,wavg
10,7,0.923218452197518,0.954187964189875,69.6972209537677,5.75495139351518,0.761542034857638,0.856229821851919,232.811044794647,10.1836871780816,92.2268665750821,avg
10,7,0.923175560781363,0.954167900660184,69.7288722286886,5.75773572371826,0.76149997211775,0.856227793875384,232.861224997282,10.1822196459799,92.2268665750821,wavg
13,7,0.937358070013489,0.961295228951972,60.0533958567763,5.20051656557258,0.759412145775759,0.843359706727322,194.209564197216,9.23761826903867,92.5447811206182,avg
13,7,0.937309083632911,0.961246952592486,60.1118698751684,5.20769547500938,0.758864941951259,0.842976812904404,194.577293359023,9.25146220620492,92.5447811206182,wavg
6,7,0.934673977085695,0.961228454382215,60.8663556858453,5.28744114849528,0.81811506828208,0.895077818854251,161.024711237215,8.54323890847397,93.2041074872017,avg
6,7,0.934758040778494,0.961303030464137,60.7717117427738,5.28604452452452,0.818258009247299,0.895186527923135,160.911154159824,8.54238995339876,93.2041074872017,wavg
20,7,0.921101948960821,0.950437834123617,74.4053859968639,5.86620005638547,0.787660450655707,0.876122536865927,193.14547745288,9.48797782856494,85.579913576444,avg
20,7,0.921522097194367,0.950731668914914,74.0276693788449,5.84999674900919,0.787244760797642,0.87590006683296,193.581906825977,9.50419858152841,85.579913576444,wavg
3,7,0.909399934324333,0.944450483740411,79.9334034223099,6.07266559995682,0.867525105066384,0.890859444224029,187.325363176776,9.1091777045697,93.5112963279088,avg
3,7,0.909300239862851,0.944370080397767,80.0231976015633,6.07912352176208,0.867601642646088,0.890873884027638,187.277444692597,9.10522801714991,93.5112963279088,wavg
1,7,0.918524702549689,0.948737800694959,73.2561865517491,5.79394182019766,0.835164341161479,0.875038091274982,219.491658379128,9.98773110044343,86.621192351977,avg
1,7,0.91925190712728,0.94923453823941,72.6431124295965,5.77240487330284,0.834872174410241,0.875400538480778,219.240049096813,9.98191352433025,86.621192351977,wavg
17,7,0.935078718250198,0.96090636758002,58.4432985191343,5.15466142319264,0.706573306505031,0.799066875791191,321.281160627644,12.0943194990791,85.1495973229408,avg
17,7,0.935432676833756,0.961172589401719,58.1119301905086,5.13811462478385,0.706530445122921,0.799215347134397,321.30176437473,12.0921633340545,85.1495973229408,wavg
7,7,0.925689506720327,0.954231127745,67.8233951851088,5.62311952095917,0.799116088796504,0.875833837576411,221.499698166973,9.70096113695717,90.7566226323446,avg
7,7,0.92587108664269,0.954358828009049,67.6619075717905,5.6161265362168,0.79914409533706,0.87594593566401,221.489946829797,9.7030826780858,90.7566226323446,wavg
18,7,0.926885429940386,0.955090709016088,68.9909032057205,5.6589145249932,0.86323298072496,0.920429570139566,119.327486320988,7.31746499230347,88.8621990640958,avg
18,7,0.927036043602823,0.955195306561718,68.8560606412218,5.65293740714965,0.863124944317122,0.920392775011167,119.406946329634,7.3234522090238,88.8621990640958,wavg
5,7,0.91374506671186,0.944656774469046,79.2382849993547,5.980688022864,0.852184549362407,0.899841939828234,174.397112694964,8.27984259168956,92.6339208682378,avg
5,7,0.913670111552245,0.944631574600955,79.2945537041484,5.98380679843554,0.852348095540526,0.899979951542601,174.242387585217,8.27373844070907,92.6339208682378,wavg
12,7,0.91916748408842,0.947424402903984,79.7862042695655,6.07104159254146,0.84167326295973,0.900007748145314,109.95679912281,7.45516735031839,90.9487292528152,avg
12,7,0.919453388842095,0.947623233965165,79.514813528909,6.06226031856425,0.841970646181535,0.900080262012777,109.806873218692,7.45651120478227,90.9487292528152,wavg
4,7,0.904792576350857,0.941839485482137,84.7921128083697,6.15365826998546,0.793613654159545,0.861526009779518,220.322788258546,10.8160441653538,89.0672993222872,avg
4,7,0.90482565354102,0.941900921051896,84.7373355684232,6.15345993570412,0.793600306373247,0.861567933416819,220.311538027889,10.8138952506125,89.0672993222872,wavg
16,6,0.922841570459144,0.953092173755731,74.5465243164449,5.85353025618214,0.728686267628197,0.835617307962579,157.650868278454,9.396877110672,128.05521979332,avg
16,6,0.922772876399061,0.95305257709654,74.6046024668447,5.86009047829022,0.72842867371445,0.835535315518618,157.794990108598,9.40359387307754,128.05521979332,wavg
11,6,0.90449785321317,0.940468032610617,90.3769136934416,6.45539120184096,0.753004264303117,0.850150641538701,157.266153393944,9.15964329443169,114.914226567745,avg
11,6,0.904523681671906,0.940522874800511,90.3283134908127,6.45567054561264,0.753378024387112,0.850413626211389,157.056262045611,9.15335817328525,114.914226567745,wavg
2,8,0.908900755100883,0.942896662282656,88.33532636177,6.37279589735293,0.877017001396199,0.932200388154402,66.6704285720756,6.23210583833188,91.1326037247976,avg
2,8,0.909526901609806,0.943293151088893,87.7928938290699,6.3521876739688,0.877304071972569,0.932337485964096,66.5734334487287,6.23169998043512,91.1326037247976,wavg
15,8,0.917495777346211,0.947745415247953,81.0849465917021,6.16168438934198,0.804871466793295,0.880352501823844,121.840499485127,7.43162499066544,86.6482584555944,avg
15,8,0.917870323357149,0.947977467393233,80.7606631980538,6.14962685415581,0.804670186548712,0.880217942134198,122.077257124703,7.43206907949937,86.6482584555944,wavg
9,7,0.91818793247703,0.947940976475479,79.8249387348876,5.9990717710974,0.888737645015025,0.940354975193313,75.7553399216211,6.24018572456002,88.6720124284426,avg
9,7,0.918132745931952,0.947939717387671,79.8404675785337,6.00561287029883,0.888733466232443,0.940379873239884,75.7739841712468,6.23482356117608,88.6720124284426,wavg
10,8,0.914902793392073,0.947246461160523,79.35512409629,5.94423295796182,0.795633974762262,0.874552816687124,175.512757640159,9.41714111690716,87.9651215751966,avg
10,8,0.91469181442392,0.947221055875513,79.4471678167605,5.95879199748317,0.795323964919016,0.874468222639475,175.728172246833,9.42331950069723,87.9651215751966,wavg
13,8,0.928099929513565,0.953926977194138,69.9452815633805,5.71008475346046,0.825031076122745,0.901284385512176,152.886923494091,8.15151223261746,86.5751755436262,avg
13,8,0.927694892160333,0.953689359776458,70.2703162382653,5.72731698547514,0.825288521859264,0.901432479241732,152.675878988632,8.14886207279216,86.5751755436262,wavg
14,8,0.909994906738127,0.944626612015194,86.1401457954314,6.17506955952279,0.85149135723628,0.91698060371163,87.8278407480785,6.94181992702293,100.835984230042,avg
14,8,0.91013878528791,0.944730845024544,86.0035962942515,6.17062965709029,0.851563824945741,0.917008507741611,87.7842346285501,6.94353192711399,100.835984230042,wavg
20,8,0.906604828932548,0.940689306854115,89.8613315426066,6.4058310147517,0.81947412594472,0.891582277630732,113.986585878009,8.34686751713562,87.7563176035881,avg
20,8,0.906504341242492,0.940650811918671,89.9238449168641,6.411227680565,0.819652111214214,0.891711154922645,113.921557054553,8.3421611448819,87.7563176035881,wavg
3,8,0.926148571631879,0.954344246334112,67.779168073362,5.58068627199411,0.790970827367397,0.870037676973907,230.114841807652,9.98785792437553,87.9685197989146,avg
3,8,0.926036762358138,0.954269374207864,67.873436860795,5.58582036633579,0.790905852647774,0.869966130035157,230.126851582596,9.98595917737556,87.9685197989146,wavg
17,8,0.906104080165106,0.941660568491512,87.3175810892002,6.39978876732661,0.849139742380211,0.907677944314998,124.731997353678,7.98804701920891,86.7285778482755,avg
17,8,0.906484041071561,0.941940055241508,86.9752928426055,6.38990294597975,0.849552206191962,0.907958179102095,124.427373274264,7.98501485803992,86.7285778482755,wavg
19,8,0.93143076340435,0.958750271852708,61.752944220929,5.19448046096532,0.826224528017368,0.873078776065688,233.113743452374,9.03914320437238,115.011066118876,avg
19,8,0.931120934316091,0.95858333646454,61.9924746511545,5.2097841251832,0.825923012195544,0.873156051228953,233.208277066665,9.04442101845228,115.011066118876,wavg
8,8,0.918152070774741,0.946920789364533,77.9097241073233,5.90993024106488,0.847971883781507,0.906804359501786,143.034712881321,9.06116336637711,113.214201398691,avg
8,8,0.918323662275498,0.947012773765672,77.781655892358,5.90416663370839,0.847975814601281,0.906807222064081,143.030468108976,9.05478925539098,113.214201398691,wavg
18,8,0.909710318507801,0.943268426351945,85.4386286506568,6.32137770685754,0.834936609835994,0.900641089606988,124.850466391413,7.50234302859555,87.2218665242195,avg
18,8,0.910035563812542,0.943506153290473,85.1430465339817,6.31152744547643,0.835128329960848,0.900803506503484,124.711613515687,7.50126284665544,87.2218665242195,wavg
7,8,0.934462126302247,0.959220582854096,62.1721804095939,5.13542145899034,0.826166660718828,0.880925416262546,169.79891220984,9.80004939994995,93.4774499138196,avg
7,8,0.934422430048596,0.95920876943401,62.1924504882326,5.13974757949379,0.82617735939208,0.881050965944973,169.7834159086,9.79972191428058,93.4774499138196,wavg
1,8,0.932919002448772,0.958310244101003,64.8895164622271,5.42174979722772,0.708334588006018,0.813301286975277,209.233777903617,9.02400751431134,97.5578839500745,avg
1,8,0.932997298073454,0.958344857366604,64.833162604781,5.42218860613044,0.708812108302755,0.813637112841642,208.914376224392,9.02210017614311,97.5578839500745,wavg
6,8,0.902911745983199,0.941048423749062,90.9715463796415,6.56516886635686,0.819839685460765,0.895425592941337,117.615481097845,7.56869170584266,112.182035799821,avg
6,8,0.902918443152045,0.941073887236506,90.9519727870284,6.56827828563456,0.819900974056461,0.895551987732593,117.625574076752,7.56994470092253,112.182035799821,wavg
5,8,0.926193313867976,0.953096177022278,71.9006532243559,5.72356411530596,0.807816359642937,0.889215860364287,139.347154294164,7.09758310647838,89.9596558650335,avg
5,8,0.926160341030633,0.953118561954141,71.8953680600787,5.72580081928644,0.807562830692394,0.889102163747232,139.542496005844,7.10091895388837,89.9596558650335,wavg
16,7,0.906485116520937,0.940438793008922,88.1416813968252,6.48466617346279,0.764956847540469,0.838442999765891,184.345295162931,8.74140846924973,85.2070187608401,avg
16,7,0.906617775390423,0.940508495872408,88.0443034423342,6.48046956124086,0.764854598851483,0.838416307128625,184.398733144585,8.74144744835555,85.2070187608401,wavg
4,8,0.920967054978684,0.951410265360553,72.038465399628,5.80791125929385,0.836519577091258,0.884511426192845,182.778734094156,9.44566884102919,88.7918878157934,avg
4,8,0.921478094913318,0.951709526603616,71.6302857252166,5.78993723063138,0.836501235007485,0.884490253559746,182.803770968492,9.44274634495419,88.7918878157934,wavg
2,9,0.916899759976098,0.947721692463325,79.2313450530833,6.09995735236401,0.774175981694295,0.871418933297319,173.235109396862,9.03796838490916,80.4223848819733,avg
2,9,0.916929736691723,0.947727763904489,79.2152181241715,6.1003583890765,0.774126053965849,0.871375786455038,173.263926939851,9.03725536088359,80.4223848819733,wavg
11,7,0.925177388300088,0.954194884611786,68.1583040625682,5.57518595648637,0.853240854589458,0.90298574712309,167.089495437218,9.43142036332289,96.972763967514,avg
11,7,0.925002247749592,0.9541100972337,68.2849848488402,5.58178119150274,0.853194501455067,0.903002075134709,167.104836181907,9.4293444060033,96.972763967514,wavg
9,8,0.923586384546299,0.95318572324871,74.3897388248406,5.77735772870441,0.796116583772928,0.882275203587286,115.837313219258,7.75321144046102,88.2949130853017,avg
9,8,0.9234091549762,0.953122306753525,74.5084913064063,5.78625494787297,0.796174756558239,0.882301989427484,115.832845902287,7.75955122725588,88.2949130853017,wavg
13,9,0.912661141443107,0.946347103994852,82.6414447790751,6.0771754694875,0.841993781666513,0.908156271015567,113.007484151201,7.93930888272889,88.2545617461205,avg
13,9,0.91278627670786,0.946464781127391,82.5015712269045,6.07389411093911,0.842159798174923,0.908272265037422,112.886902312806,7.93629983473183,88.2545617461205,wavg
15,9,0.926224082227059,0.955040898284695,70.5193073217091,5.59669633792976,0.835272394641093,0.902241218008797,118.172260189517,7.5453373005881,111.568672132492,avg
15,9,0.926266326245525,0.955048794671838,70.4958671774987,5.60266121340024,0.835663416019833,0.902532208990958,117.926985142892,7.53850631212651,111.568672132492,wavg
3,9,0.914570145074249,0.947608041351764,80.4460392415685,6.08134896427663,0.751431915619614,0.849549108268414,177.4551811391,9.75954148766374,87.2836244622866,avg
3,9,0.914673972397607,0.947709910520566,80.3335126739123,6.07869308823755,0.751528488544424,0.849638679022257,177.401484363256,9.76459367621558,87.2836244622866,wavg
20,9,0.918538415104087,0.946821232347726,77.4735259129165,5.84859599421996,0.927757080828472,0.956391740790017,76.4385090730208,6.5746489489733,91.9282362143199,avg
20,9,0.918628626671384,0.946883359257438,77.3892700932658,5.8497189542087,0.927756722831806,0.956406837092066,76.4200298297775,6.5717688605572,91.9282362143199,wavg
19,9,0.909219301441424,0.943617615953103,86.3687335090701,6.19575317175982,0.827795520176306,0.89550450903193,113.206592269474,7.50750810566139,90.5779659549395,avg
19,9,0.908900075008186,0.943428435480786,86.6313443892516,6.21068524348805,0.827391701427148,0.895294486712744,113.454459398441,7.51773606231058,90.5779659549395,wavg
10,9,0.903231607309473,0.938124647124489,90.1317247850183,6.41912988587825,0.836577180883249,0.899642741154232,146.626250398834,9.0030153622973,113.198454670111,avg
10,9,0.903004188324387,0.937999178160049,90.303767991183,6.42656178736581,0.83640574765314,0.899541164708314,146.75899180801,9.00226555233082,113.198454670111,wavg
7,9,0.912809354416035,0.942740913737864,82.3987935735456,6.19224775732989,0.88964707806363,0.9254445605509,117.521764904041,7.40506971130466,88.534073706468,avg
7,9,0.913451646136128,0.943168730387145,81.8590425721673,6.1731233039044,0.89002512265693,0.925821409925209,117.092637144742,7.38983305719327,88.534073706468,wavg
1,9,0.913134375237948,0.945825793741381,83.4848929547063,6.26485578645668,0.805289545150493,0.892911686984382,123.419639052373,7.99342183011747,89.5206855535507,avg
1,9,0.913418863466905,0.94595680370881,83.2754914113508,6.25671279288869,0.804948162014352,0.892667454246091,123.576369612905,7.99670070532277,89.5206855535507,wavg
18,9,0.932452002866697,0.959120141256628,64.9683042880327,5.41293352543902,0.818517384417938,0.886178798557519,128.75722390274,8.76955493818855,95.0535357793172,avg
18,9,0.932444503842485,0.959151711856812,64.9463489638031,5.41414802536841,0.818987419162074,0.886516780020564,128.457006236373,8.76344063619285,95.0535357793172,wavg
5,9,0.900224041209884,0.938939446469338,88.8995068320344,6.42233652026897,0.782868604199944,0.860654114467745,212.330872232859,10.878543562664,89.6606912136078,avg
5,9,0.899964448454458,0.938793254731577,89.0952242378395,6.43258462487516,0.78269426400068,0.860624446907783,212.434069631236,10.8874296980228,89.6606912136078,wavg
17,9,0.930086470604151,0.956105354361226,67.3960660239143,5.43326021659515,0.814841192861982,0.878657831239163,160.367349613501,8.96183479111862,105.911025091012,avg
17,9,0.930140805469325,0.956169142901156,67.3335413010298,5.43078885848744,0.814458519362516,0.878469899138432,160.668784620744,8.97754753267438,105.911025091012,wavg
6,9,0.930145750861921,0.956913700712107,68.8072160275717,5.53554836350557,0.792801521452357,0.876225340816639,133.060846056295,9.0851073397884,92.9582940260569,avg
6,9,0.930457553457282,0.957141388623188,68.4977471028573,5.52433976505927,0.792775372635628,0.876199433104098,133.189893326287,9.08721605545204,92.9582940260569,wavg
14,9,0.909406976804875,0.944117466788745,76.4623807725327,5.99546438887126,0.887812318261765,0.883736914447417,236.53906450369,10.3817327328159,120.062988630931,avg
14,9,0.909285544995605,0.944146785889928,76.4876671723378,6.00024723055741,0.887853667934048,0.883918960083343,236.290393207733,10.3722849171007,120.062988630931,wavg
8,9,0.937854487160035,0.964092760748673,58.1516022983232,5.05730645039684,0.769826546533032,0.855672869340734,196.347269694772,10.6618109719233,105.686440392335,avg
8,9,0.937930570463882,0.964138349257142,58.0846058679193,5.05709973565753,0.769628299921349,0.855588003819651,196.551701729917,10.6658848309427,105.686440392335,wavg
4,9,0.89287912992716,0.93131251407384,100.174882197266,6.78577843298276,0.893132966692841,0.933574629509126,89.2042393766835,7.2717016750412,86.7651673436165,avg
4,9,0.892886525869068,0.931375901633156,100.129423356024,6.79093703167065,0.893275615525062,0.933680081818604,89.1490490670763,7.27148739955518,86.7651673436165,wavg
12,8,0.92193490129148,0.95384583638217,71.652412188797,5.62491754050991,0.816023489829183,0.891369074256466,158.792081368283,9.16688850933959,184.302413276831,avg
12,8,0.922069197293836,0.95393467326268,71.5338299197046,5.6203428993565,0.815962070612736,0.891318612244227,158.806423324517,9.16200749959626,184.302413276831,wavg
2,10,0.910701759934331,0.943319329431094,81.8565512754845,6.02895616289157,0.882521141657342,0.924802152648376,130.46069380051,7.72854480852318,87.4807205557823,avg
2,10,0.911177435140796,0.943659117990862,81.4449702499428,6.01474523070507,0.882601970789889,0.924974500819669,130.296833121388,7.72707253369638,87.4807205557823,wavg
11,8,0.922730056542331,0.952027124229949,72.894391406283,5.77165262129714,0.807232003306603,0.885953601083145,164.355801261218,7.65752402377222,94.9349452614784,avg
11,8,0.922981911001428,0.952233469535461,72.6426220927581,5.76354688437597,0.807174195938486,0.885951357996098,164.432660320367,7.65745211011315,94.9349452614784,wavg
13,10,0.907538854654849,0.939942621596336,82.4478467339521,6.17701846270487,0.850536997541405,0.900447227759212,196.741468029778,9.67047517967796,90.6536926229795,avg
13,10,0.907561517659852,0.939969358147353,82.4206233593373,6.17666453098282,0.85066215389016,0.900566735181869,196.571537467425,9.66812946680147,90.6536926229795,wavg
15,10,0.91195189736406,0.943658295995515,81.2706909964387,6.22661397793259,0.881067404829302,0.910399758349162,141.244975823455,7.1696027826004,87.3242250204086,avg
15,10,0.912210985103859,0.943883047957337,81.0196754324101,6.21656034350524,0.881209374278968,0.910498709904973,141.118555506781,7.17609900588053,87.3242250204086,wavg
9,9,0.918537104941846,0.949724233830283,75.4350400981201,5.86954399807228,0.812392355878346,0.876540564734351,176.068166156617,9.36340810728511,104.188909582297,avg
9,9,0.91869266106331,0.949833398510772,75.2958588639167,5.86575375008418,0.812575812154921,0.87667373233993,175.936797104749,9.36343151586128,104.188909582297,wavg
20,10,0.923711309595551,0.953519152342043,72.4802015401159,5.84413595673713,0.761365994106393,0.85361673772327,173.430482677484,8.46124996976171,87.7430438995361,avg
20,10,0.923787952940472,0.953572943746589,72.4104270440248,5.84185331600728,0.761355398169283,0.853606336601032,173.455562078039,8.46454605644628,87.7430438995361,wavg
16,8,0.930387292055269,0.957414243067549,68.7277797989793,5.52698487306878,0.876641235744097,0.93021202368764,69.0891596935834,6.48016964796758,143.759194453557,avg
16,8,0.930226476225018,0.957302769045957,68.8817684933475,5.53773065109555,0.876388860496006,0.930050453193008,69.2495290292084,6.48994685650113,143.759194453557,wavg
7,10,0.905524714698142,0.941990782520055,89.68555676498,6.54072614383713,0.777182334758215,0.868034079019356,135.691579558291,8.22022598772633,84.2382781704267,avg
7,10,0.905438738371203,0.942001454537506,89.720167013697,6.54676693131495,0.776958704980918,0.867959955949935,135.848417914659,8.22679532643813,84.2382781704267,wavg
3,10,0.920786927856643,0.950612246897967,75.9295869987352,5.82709808762111,0.814725663279311,0.884816899953194,138.164018580737,8.14170636075525,97.2286146044731,avg
3,10,0.920993414490149,0.950835318149368,75.6740450766843,5.81661663478352,0.814948316638385,0.885028709698824,138.04034620789,8.13745842516958,97.2286146044731,wavg
10,10,0.933571614378547,0.95683061962101,66.2488117312503,5.58977425098184,0.791696619910764,0.871837174415661,150.540335678374,7.05299787554492,91.0458215316137,avg
10,10,0.933530770512112,0.956829102658106,66.2622648517112,5.59423259314703,0.791685507460368,0.87183217889713,150.529659413874,7.05462923998565,91.0458215316137,wavg
17,10,0.899761099044074,0.937948163474483,93.5468007633526,6.59838936701426,0.846848874383608,0.908429603990133,104.682019774379,7.33952739732217,81.7801264365514,avg
17,10,0.899694951161035,0.937928728490437,93.5874709221744,6.60179472075548,0.846897897313084,0.908454623632312,104.652408106615,7.34059171820964,81.7801264365514,wavg
19,10,0.91579179983497,0.948605810646447,80.2649469693896,6.05932265574035,0.768740219414498,0.869972471130305,140.996478179916,8.53602065071873,96.2464290142059,avg
19,10,0.915597551998655,0.948509664024809,80.4138565341326,6.07017852898192,0.768951920406885,0.870168557250366,140.919930632678,8.53824581727554,96.2464290142059,wavg
5,10,0.911851685035062,0.945817722297115,85.2284482859019,6.39307980885822,0.78908753107093,0.885313920424364,115.35156980571,7.25610214920385,84.9430481433868,avg
5,10,0.911959165423252,0.945888795344601,85.1296261974318,6.3889301529652,0.789557714684592,0.885563651241573,115.146392010392,7.25330419388278,84.9430481433868,wavg
14,10,0.925833988791986,0.952250137367478,72.8554481856417,5.70339726602852,0.822583935182284,0.885197299332209,136.238621376934,8.30175177832222,83.1895503838857,avg
14,10,0.925794168876367,0.95225322795205,72.8621653805999,5.70537662269617,0.822570675283295,0.885243286747886,136.19200709154,8.30330425671232,83.1895503838857,wavg
18,10,0.904158053960873,0.93899857568054,88.2111960461576,6.399304306,0.848130898006219,0.901040094589315,151.958365431731,8.42920253847639,91.0506967306137,avg
18,10,0.904094427980318,0.938943854093591,88.2715061339962,6.40231020174567,0.848386815693212,0.901158535577885,151.756376917524,8.42033952776625,91.0506967306137,wavg
1,10,0.924530120290315,0.952715290325278,69.7845692578863,5.73113572185257,0.811877565435158,0.867253630504321,202.608281072617,9.11545313053131,96.4098797281583,avg
1,10,0.924788777379654,0.952834618176703,69.604318481337,5.72420143567962,0.812188264387813,0.867445285656043,202.35937162742,9.10037143421943,96.4098797281583,wavg
8,10,0.909530960132592,0.944257274207725,85.9896803592766,6.29422818276456,0.770716370083866,0.852546569375906,142.903398595017,8.09450530107498,87.3524788975716,avg
8,10,0.909744354571156,0.94436733007183,85.8258694740157,6.28958440488665,0.771114471246913,0.852830298333349,142.695964104854,8.09659353523418,87.3524788975716,wavg
6,10,0.943651740370761,0.964378618780226,55.272363031649,4.8134713373397,0.809384992669029,0.893791684503894,167.626506699009,8.58315150471901,97.9284759163857,avg
6,10,0.943655030259795,0.964434453656036,55.2194908111995,4.81330637028675,0.80903207715928,0.893608118044294,167.990919733793,8.59817855204729,97.9284759163857,wavg
4,10,0.92367600193957,0.955155630821381,70.5403830983957,5.63663112147168,0.816397708090011,0.887370145249667,150.33405181716,8.11461728765621,87.580208671093,avg
4,10,0.923582057487319,0.955102327505986,70.6186557204667,5.64312533681869,0.816499143918907,0.887445792926077,150.254522048931,8.1093521969677,87.580208671093,wavg
12,9,0.90697109517609,0.940977848542764,86.7096120905341,6.2664234610231,0.766963669955139,0.836386521422887,205.381428912173,10.4588465127225,84.9136793851852,avg
12,9,0.906867575225906,0.9409992009175,86.7354993760637,6.26935463571182,0.766601917607649,0.836172916968859,205.636072849794,10.4664921889568,84.9136793851852,wavg
11,9,0.915296079562859,0.9482760761914,81.801291681362,6.16683574079598,0.804563519525331,0.886210397944368,110.476622689725,7.85020836701775,81.3185416698456,avg
11,9,0.914913936304343,0.947984367213346,82.1756393904133,6.18618138612216,0.804494186219394,0.886171509873839,110.466517379787,7.8500210517925,81.3185416698456,wavg
9,10,0.923553216099277,0.952388043956493,70.2868244648075,5.5709695940923,0.858077119472063,0.91205585700353,157.626726233127,8.94129466639733,83.5000431696574,avg
9,10,0.923501214403535,0.952327564091452,70.3557538962266,5.5735407788251,0.858315658893659,0.91217982534945,157.397782808648,8.92856967300031,83.5000431696574,wavg
16,9,0.923111763592016,0.950072890533734,73.2433829603273,5.73577366935171,0.825086717443079,0.87251235592347,177.723103914076,8.76322757888716,94.9796989798546,avg
16,9,0.922851925229916,0.94993123385608,73.4393669108552,5.74686731524689,0.824967401300828,0.872430289119836,177.819547603631,8.76899894993193,94.9796989798546,wavg
12,10,0.879073493744097,0.920779726592171,113.809011927954,7.31902458267305,0.866042189354088,0.922397008322033,91.9287012210203,7.28105397606277,83.8797286192576,avg
12,10,0.879244625457577,0.920946974732104,113.634101306523,7.31532099166735,0.866022002294989,0.922439262650248,91.9465506037167,7.28336365281744,83.8797286192576,wavg
11,10,0.893939221814149,0.934664480482579,100.26725176532,7.03311032731691,0.85371564606431,0.906131563653404,96.4403931430476,7.00670243552339,73.3331222494443,avg
11,10,0.893888871607196,0.934632245713613,100.31049776141,7.03521729643798,0.853697376106423,0.90615480877183,96.4017928586541,7.00395201353966,73.3331222494443,wavg
16,10,0.926313100404418,0.955290391438079,68.263042414805,5.49633546711877,0.770240564734025,0.858824106422977,210.40747218549,10.1965339153609,73.944945136706,avg
16,10,0.926391283914611,0.955333729392206,68.2009957010827,5.49382120546873,0.770151555917692,0.858758034207097,210.512746776049,10.196101630827,73.944945136706,wavg
